-- MySQL Script generated by MySQL Workbench
-- Wed Dec 11 21:22:52 2024
-- Model: New Model    Version: 1.0
-- MySQL Workbench Forward Engineering

SET @OLD_UNIQUE_CHECKS=@@UNIQUE_CHECKS, UNIQUE_CHECKS=0;
SET @OLD_FOREIGN_KEY_CHECKS=@@FOREIGN_KEY_CHECKS, FOREIGN_KEY_CHECKS=0;
SET @OLD_SQL_MODE=@@SQL_MODE, SQL_MODE='ONLY_FULL_GROUP_BY,STRICT_TRANS_TABLES,NO_ZERO_IN_DATE,NO_ZERO_DATE,ERROR_FOR_DIVISION_BY_ZERO,NO_ENGINE_SUBSTITUTION';

-- -----------------------------------------------------
-- Schema mydb
-- -----------------------------------------------------
DROP SCHEMA IF EXISTS `mydb`;

-- -----------------------------------------------------
-- Schema mydb
-- -----------------------------------------------------
CREATE SCHEMA IF NOT EXISTS `mydb` DEFAULT CHARACTER SET utf8 ;
USE `mydb` ;

-- -----------------------------------------------------
-- Table `mydb`.`departamento`
-- -----------------------------------------------------
DROP TABLE IF EXISTS `mydb`.`departamento` ;

CREATE TABLE IF NOT EXISTS `mydb`.`departamento` (
  `id` INT NOT NULL AUTO_INCREMENT,
  `nombre` VARCHAR(45) NOT NULL,
  PRIMARY KEY (`id`),
  UNIQUE INDEX `nombre_UNIQUE` (`nombre` ASC) VISIBLE)
ENGINE = InnoDB;


-- -----------------------------------------------------
-- Table `mydb`.`municipio`
-- -----------------------------------------------------
DROP TABLE IF EXISTS `mydb`.`municipio` ;

CREATE TABLE IF NOT EXISTS `mydb`.`municipio` (
  `id` INT NOT NULL AUTO_INCREMENT,
  `nombre` VARCHAR(45) NOT NULL,
  `area` FLOAT NULL,
  `presupuesto` FLOAT NULL,
  `departamento_id` INT NOT NULL,
  `alcalde_id` INT NULL,
  PRIMARY KEY (`id`, `departamento_id`),
  INDEX `fk_municipio_departamento_idx` (`departamento_id` ASC) VISIBLE,
  INDEX `fk_municipio_persona1_idx` (`alcalde_id` ASC) VISIBLE,
  UNIQUE INDEX `alcalde_id_UNIQUE` (`alcalde_id` ASC) VISIBLE,
  UNIQUE INDEX `id_UNIQUE` (`id` ASC) VISIBLE,
  CONSTRAINT `fk_municipio_departamento`
    FOREIGN KEY (`departamento_id`)
    REFERENCES `mydb`.`departamento` (`id`)
    ON DELETE NO ACTION
    ON UPDATE NO ACTION,
  CONSTRAINT `fk_municipio_persona1`
    FOREIGN KEY (`alcalde_id`)
    REFERENCES `mydb`.`persona` (`id`)
    ON DELETE NO ACTION
    ON UPDATE NO ACTION)
ENGINE = InnoDB;


-- -----------------------------------------------------
-- Table `mydb`.`zona`
-- -----------------------------------------------------
DROP TABLE IF EXISTS `mydb`.`zona` ;

CREATE TABLE IF NOT EXISTS `mydb`.`zona` (
  `id` INT NOT NULL AUTO_INCREMENT,
  `nombre` VARCHAR(45) NOT NULL,
  `municipio_id` INT NOT NULL,
  `tipo_zona_id` ENUM('barrio', 'vereda') NOT NULL,
  PRIMARY KEY (`id`, `municipio_id`),
  INDEX `fk_barrio_municipio1_idx` (`municipio_id` ASC) VISIBLE,
  UNIQUE INDEX `id_UNIQUE` (`id` ASC) VISIBLE,
  CONSTRAINT `fk_barrio_municipio1`
    FOREIGN KEY (`municipio_id`)
    REFERENCES `mydb`.`municipio` (`id`)
    ON DELETE NO ACTION
    ON UPDATE NO ACTION)
ENGINE = InnoDB;


-- -----------------------------------------------------
-- Table `mydb`.`vivienda`
-- -----------------------------------------------------
DROP TABLE IF EXISTS `mydb`.`vivienda` ;

CREATE TABLE IF NOT EXISTS `mydb`.`vivienda` (
  `id` INT NOT NULL AUTO_INCREMENT,
  `direccion` VARCHAR(45) NOT NULL,
  `capacidad` INT NOT NULL,
  `niveles` INT NOT NULL,
  `zona_id` INT NOT NULL,
  PRIMARY KEY (`id`, `zona_id`),
  INDEX `fk_vivienda_zona1_idx` (`zona_id` ASC) VISIBLE,
  UNIQUE INDEX `id_UNIQUE` (`id` ASC) VISIBLE,
  CONSTRAINT `fk_vivienda_zona1`
    FOREIGN KEY (`zona_id`)
    REFERENCES `mydb`.`zona` (`id`)
    ON DELETE NO ACTION
    ON UPDATE NO ACTION)
ENGINE = InnoDB;


-- -----------------------------------------------------
-- Table `mydb`.`persona`
-- -----------------------------------------------------
DROP TABLE IF EXISTS `mydb`.`persona` ;

CREATE TABLE IF NOT EXISTS `mydb`.`persona` (
  `id` INT NOT NULL AUTO_INCREMENT,
  `nombre` VARCHAR(45) NOT NULL,
  `sexo` VARCHAR(45) NULL,
  `edad` VARCHAR(45) NOT NULL,
  `telefono` VARCHAR(45) NULL,
  `responsable_id` INT NULL,
  `vivienda_id` INT NULL,
  PRIMARY KEY (`id`),
  INDEX `fk_persona_persona1_idx` (`responsable_id` ASC) VISIBLE,
  INDEX `fk_persona_vivienda1_idx` (`vivienda_id` ASC) VISIBLE,
  UNIQUE INDEX `id_UNIQUE` (`id` ASC) VISIBLE,
  CONSTRAINT `fk_persona_persona1`
    FOREIGN KEY (`responsable_id`)
    REFERENCES `mydb`.`persona` (`id`)
    ON DELETE NO ACTION
    ON UPDATE NO ACTION,
  CONSTRAINT `fk_persona_vivienda1`
    FOREIGN KEY (`vivienda_id`)
    REFERENCES `mydb`.`vivienda` (`id`)
    ON DELETE NO ACTION
    ON UPDATE NO ACTION)
ENGINE = InnoDB;


-- -----------------------------------------------------
-- Table `mydb`.`persona_has_vivienda`
-- -----------------------------------------------------
DROP TABLE IF EXISTS `mydb`.`persona_has_vivienda` ;

CREATE TABLE IF NOT EXISTS `mydb`.`persona_has_vivienda` (
  `persona_id` INT NOT NULL,
  `vivienda_id` INT NOT NULL,
  PRIMARY KEY (`persona_id`, `vivienda_id`),
  INDEX `fk_persona_has_vivienda_vivienda1_idx` (`vivienda_id` ASC) VISIBLE,
  INDEX `fk_persona_has_vivienda_persona1_idx` (`persona_id` ASC) VISIBLE,
  CONSTRAINT `fk_persona_has_vivienda_persona1`
    FOREIGN KEY (`persona_id`)
    REFERENCES `mydb`.`persona` (`id`)
    ON DELETE NO ACTION
    ON UPDATE NO ACTION,
  CONSTRAINT `fk_persona_has_vivienda_vivienda1`
    FOREIGN KEY (`vivienda_id`)
    REFERENCES `mydb`.`vivienda` (`id`)
    ON DELETE NO ACTION
    ON UPDATE NO ACTION)
ENGINE = InnoDB;


ALTER TABLE `mydb`.`persona` 
DROP FOREIGN KEY `fk_persona_persona1`,
DROP FOREIGN KEY `fk_persona_vivienda1`;
ALTER TABLE `mydb`.`persona` 
ADD CONSTRAINT `fk_persona_persona1`
  FOREIGN KEY (`responsable_id`)
  REFERENCES `mydb`.`persona` (`id`)
  ON DELETE SET NULL,
ADD CONSTRAINT `fk_persona_vivienda1`
  FOREIGN KEY (`vivienda_id`)
  REFERENCES `mydb`.`vivienda` (`id`)
  ON DELETE SET NULL;

ALTER TABLE `mydb`.`persona_has_vivienda` 
DROP FOREIGN KEY `fk_persona_has_vivienda_persona1`,
DROP FOREIGN KEY `fk_persona_has_vivienda_vivienda1`;
ALTER TABLE `mydb`.`persona_has_vivienda` 
ADD CONSTRAINT `fk_persona_has_vivienda_persona1`
  FOREIGN KEY (`persona_id`)
  REFERENCES `mydb`.`persona` (`id`)
  ON DELETE CASCADE,
ADD CONSTRAINT `fk_persona_has_vivienda_vivienda1`
  FOREIGN KEY (`vivienda_id`)
  REFERENCES `mydb`.`vivienda` (`id`)
  ON DELETE CASCADE;

ALTER TABLE `mydb`.`municipio` 
DROP FOREIGN KEY `fk_municipio_persona1`;
ALTER TABLE `mydb`.`municipio` 
ADD CONSTRAINT `fk_municipio_persona1`
  FOREIGN KEY (`alcalde_id`)
  REFERENCES `mydb`.`persona` (`id`)
  ON DELETE SET NULL;
  
  

SET SQL_MODE=@OLD_SQL_MODE;
SET FOREIGN_KEY_CHECKS=@OLD_FOREIGN_KEY_CHECKS;
SET UNIQUE_CHECKS=@OLD_UNIQUE_CHECKS;


-- Populating the database (Loading the data into the database):
USE mydb;

INSERT INTO departamento (id, nombre)
VALUES
	(1,'ANTIOQUIA'),
	(2,'ATLÁNTICO'),
	(3,'BOGOTÁ, D.C.'),
	(4,'BOLÍVAR'),
	(5,'BOYACÁ'),
	(6,'CALDAS'),
	(7,'CAQUETÁ'),
	(8,'CAUCA'),
	(9,'CESAR'),
	(10,'CÓRDOBA'),
	(11,'CUNDINAMARCA'),
	(12,'CHOCÓ'),
	(13,'HUILA'),
	(14,'LA GUAJIRA'),
	(15,'MAGDALENA'),
	(16,'META'),
	(17,'NARIÑO'),
	(18,'NORTE DE SANTANDER'),
	(19,'QUINDIO'),
	(20,'RISARALDA'),
	(21,'SANTANDER'),
	(22,'SUCRE'),
	(23,'TOLIMA'),
	(24,'VALLE DEL CAUCA'),
	(25,'ARAUCA'),
	(26,'CASANARE'),
	(27,'PUTUMAYO'),
	(28,'SAN ANDRÉS'),
	(29,'AMAZONAS'),
	(30,'GUAINÍA'),
	(31,'GUAVIARE'),
	(32,'VAUPÉS'),
	(33,'VICHADA');


INSERT INTO persona VALUES (1, 'Kristy Copplestone', 'Femenino', 65, '6286613914', NULL, NULL), (2, 'Marty Mor', 'Femenino', 39, '7201062328', NULL, NULL), (3, 'Prudi Habbin', 'Femenino', 29, '3905981976', NULL, NULL), (4, 'Kylie Robart', 'Masculino', 60, '3058946679', NULL, NULL), (5, 'Mirabel Ivshin', 'Femenino', 73, '7488754478', NULL, NULL), (6, 'Ronald Voff', 'Masculino', 68, '2998000556', NULL, NULL), (7, 'Hortensia Elcoux', 'Femenino', 30, '3915863417', NULL, NULL), (8, 'Nikita Condliffe', 'Masculino', 68, '9443675593', NULL, NULL), (9, 'Koenraad Moules', 'Masculino', 74, '9108549350', NULL, NULL), (10, 'Emilio Sturrock', 'Masculino', 75, '8189032630', NULL, NULL), (11, 'Sherline Albrook', 'Femenino', 54, '9679116926', NULL, NULL), (12, 'Reeba Jerams', 'Femenino', 70, '6566808496', NULL, NULL), (13, 'Sissy Stranaghan', 'Femenino', 30, '3577065462', NULL, NULL), (14, 'Gian Shilito', 'Masculino', 34, '7534456019', NULL, NULL), (15, 'Margo Paten', 'Femenino', 32, '8632302199', NULL, NULL), (16, 'Hyatt Grimston', 'Masculino', 62, '9119689719', NULL, NULL), (17, 'Denis Hugle', 'Masculino', 43, '1694936320', NULL, NULL), (18, 'Jacquette Peatheyjohns', 'Femenino', 50, '4573286505', NULL, NULL), (19, 'Sherwynd Ridett', 'Masculino', 33, '2779064946', NULL, NULL), (20, 'Dill Kropp', 'Masculino', 36, '5539638513', NULL, NULL), (21, 'Courtney Keasley', 'Masculino', 34, '4706747527', NULL, NULL), (22, 'Belinda Hessentaler', 'Femenino', 50, '1593641747', NULL, NULL), (23, 'Cacilia Purkiss', 'Femenino', 41, '5052809239', NULL, NULL), (24, 'Grissel Hansen', 'Femenino', 24, '1212743611', NULL, NULL), (25, 'Aurilia Favell', 'Femenino', 24, '7035568628', NULL, NULL), (26, 'Michael Lortz', 'Masculino', 73, '8335412591', NULL, NULL), (27, 'Harrietta Petel', 'Femenino', 19, '1209539172', NULL, NULL), (28, 'Shelli Abate', 'Femenino', 58, '1852090144', NULL, NULL), (29, 'Solomon Childerley', 'Masculino', 53, '7539809569', NULL, NULL), (30, 'Dunn Bingley', 'Masculino', 42, '2651598318', NULL, NULL), (31, 'Annnora Bingall', 'Femenino', 55, '8359073416', NULL, NULL), (32, 'Bamby Galland', 'Femenino', 66, '6341092499', NULL, NULL), (33, 'Donnie Ulrik', 'Femenino', 46, '6691993744', NULL, NULL), (34, 'Ottilie Cornner', 'Femenino', 23, '4638615308', NULL, NULL), (35, 'Cathlene Greet', 'Femenino', 29, '6528414994', NULL, NULL), (36, 'Emlynne Fittis', 'Femenino', 69, '3148820693', NULL, NULL), (37, 'Domeniga Newiss', 'Femenino', 54, '7283171879', NULL, NULL), (38, 'Nerti Zarb', 'Femenino', 41, '8395815000', NULL, NULL), (39, 'Andrea Rawsen', 'Femenino', 40, '4236686962', NULL, NULL), (40, 'Selig Booij', 'Masculino', 38, '6458119366', NULL, NULL), (41, 'Errick Olliff', 'Masculino', 25, '9641893874', NULL, NULL), (42, 'Lenette Roswarne', 'Femenino', 27, '8496544704', NULL, NULL), (43, 'Odelia Toon', 'Femenino', 75, '1044646189', NULL, NULL), (44, 'Jessy Old', 'Femenino', 49, '4243757187', NULL, NULL), (45, 'Rona Simoes', 'Femenino', 63, '6656347279', NULL, NULL), (46, 'Claudina Hargess', 'Femenino', 48, '6017691404', NULL, NULL), (47, 'Iago Duke', 'Masculino', 22, '1922879592', NULL, NULL), (48, 'Antony Stapels', 'Masculino', 22, '7977984677', NULL, NULL), (49, 'Mirabel Paradise', 'Femenino', 28, '5054948790', NULL, NULL), (50, 'Arte Cockshot', 'Masculino', 47, '2415654467', NULL, NULL);



INSERT INTO persona VALUES (51, 'Barbabas Dumbar', 'Masculino', 59, '8921538295', 24, NULL), (52, 'Opaline De Hooge', 'Femenino', 63, '6131681392', 1, NULL), (53, 'Salvidor Dugald', 'Masculino', 47, '9874542536', 11, NULL), (54, 'Amy Skydall', 'Femenino', 47, '7878342930', 6, NULL), (55, 'Eward Bigadike', 'Masculino', 19, '8249495304', 22, NULL), (56, 'Eleen Ayers', 'Femenino', 46, '1591735203', 29, NULL), (57, 'Kale Menguy', 'Masculino', 72, '2071168116', 18, NULL), (58, 'Henry Markwelley', 'Masculino', 75, '5186474106', 36, NULL), (59, 'Tommy Al Hirsi', 'Femenino', 47, '6652766581', 26, NULL), (60, 'Norry Skough', 'Masculino', 71, '8322888246', 1, NULL), (61, 'Candis Dewitt', 'Femenino', 22, '9672834142', 12, NULL), (62, 'Millard Wormald', 'Masculino', 20, '1424124474', 29, NULL), (63, 'Chance Glenister', 'Masculino', 74, '4841928532', 29, NULL), (64, 'Papagena Shattock', 'Femenino', 28, '1974939815', 47, NULL), (65, 'Marlo Huonic', 'Masculino', 47, '2482454284', 38, NULL), (66, 'Wilmette Tennick', 'Femenino', 62, '3454644458', 12, NULL), (67, 'Hermine Spon', 'Femenino', 44, '7021403136', 20, NULL), (68, 'Veronica Solon', 'Femenino', 61, '8498392032', 7, NULL), (69, 'Lizbeth Savin', 'Femenino', 64, '9134472765', 48, NULL), (70, 'Virgilio Ritchard', 'Masculino', 63, '1617629330', 33, NULL), (71, 'Nickola Hannah', 'Masculino', 40, '1851224179', 12, NULL), (72, 'Alonso Scholl', 'Masculino', 21, '9578701151', 11, NULL), (73, 'Clayborn Ringham', 'Masculino', 55, '3748922317', 17, NULL), (74, 'Cristin Sworder', 'Femenino', 23, '9931121647', 44, NULL), (75, 'Britt Lyste', 'Masculino', 51, '3576897616', 31, NULL), (76, 'Vivyanne Deere', 'Femenino', 33, '6267245112', 25, NULL), (77, 'Sibyl Blaza', 'Masculino', 37, '4196393183', 44, NULL), (78, 'Mathilde Raynham', 'Femenino', 19, '6404423272', 14, NULL), (79, 'Meier Gantzer', 'Masculino', 36, '4152053780', 28, NULL), (80, 'Cecelia Blest', 'Femenino', 70, '6618091962', 8, NULL), (81, 'Thornton Camacho', 'Masculino', 46, '2024531341', 29, NULL), (82, 'Kris Quilleash', 'Masculino', 71, '2739170945', 21, NULL), (83, 'Pattin Ellesmere', 'Masculino', 61, '3153115730', 31, NULL), (84, 'Trude Parsisson', 'Femenino', 73, '7033199361', 23, NULL), (85, 'Liesa Mangenet', 'Femenino', 47, '2617669780', 6, NULL), (86, 'Waneta Iddon', 'Femenino', 36, '7349568533', 29, NULL), (87, 'Benjy Strethill', 'Masculino', 73, '3624446074', 32, NULL), (88, 'Connie Barles', 'Femenino', 59, '3068393273', 8, NULL), (89, 'Caro Grishakin', 'Femenino', 28, '3204300568', 20, NULL), (90, 'Sayers Rockingham', 'Masculino', 55, '6433035871', 5, NULL), (91, 'Austin Heathorn', 'Masculino', 71, '2811553139', 7, NULL), (92, 'Jemimah Cudiff', 'Femenino', 21, '1411549182', 43, NULL), (93, 'Ollie Maffeo', 'Femenino', 59, '9967338590', 46, NULL), (94, 'Efren Rain', 'Masculino', 20, '7714269570', 8, NULL), (95, 'Eleonore Semiraz', 'Femenino', 37, '4674647327', 20, NULL), (96, 'Jackqueline Drennan', 'Femenino', 62, '2324217181', 47, NULL), (97, 'Greg Furze', 'Masculino', 18, '5403827652', 35, NULL), (98, 'Kellia Muldrew', 'Femenino', 71, '4553971055', 6, NULL), (99, 'Judd Clother', 'Masculino', 50, '1241613028', 22, NULL), (100, 'Thedrick Gwioneth', 'Masculino', 47, '6408118720', 19, NULL), (101, 'Shani Blasik', 'Femenino', 43, '4164269226', 23, NULL), (102, 'Karlotta Mulholland', 'Femenino', 42, '9287968238', 3, NULL), (103, 'Gwynne Steadman', 'Femenino', 66, '1277627595', 37, NULL), (104, 'Anetta Kemery', 'Femenino', 75, '3068993016', 16, NULL), (105, 'Paloma Siggers', 'Femenino', 36, '4747574827', 5, NULL), (106, 'Dyanne Sherbrook', 'Femenino', 56, '6561384043', 3, NULL), (107, 'Clayborne Batisse', 'Masculino', 64, '1007830912', 49, NULL), (108, 'Saxe Antonacci', 'Masculino', 63, '1516957613', 10, NULL), (109, 'Cristy Knowlton', 'Femenino', 19, '5788030735', 34, NULL), (110, 'Imelda Hartegan', 'Femenino', 66, '1537471366', 18, NULL), (111, 'Ede Eick', 'Femenino', 64, '4537607131', 40, NULL), (112, 'Cyndy Gladding', 'Femenino', 39, '8222002666', 50, NULL), (113, 'Nathan Cormack', 'Masculino', 29, '1398080531', 22, NULL), (114, 'Jesselyn Martonfi', 'Femenino', 45, '4117927534', 16, NULL), (115, 'Artemus Spikins', 'Masculino', 71, '8252002335', 7, NULL), (116, 'Annalee Bagworth', 'Femenino', 70, '9506813451', 29, NULL), (117, 'Audy Cobley', 'Femenino', 61, '9102878787', 48, NULL), (118, 'Conant Towe', 'Masculino', 25, '7465331298', 21, NULL), (119, 'Doe Cardoo', 'Femenino', 44, '9778383388', 8, NULL), (120, 'Virge Hatto', 'Masculino', 18, '2622119668', 12, NULL), (121, 'Loise Curnick', 'Femenino', 67, '9874683384', 2, NULL), (122, 'Cate Gronav', 'Femenino', 73, '2631112216', 23, NULL), (123, 'Wilmette Schenfisch', 'Femenino', 26, '3073749864', 33, NULL), (124, 'Domingo Ridwood', 'Masculino', 70, '8303291673', 16, NULL), (125, 'Gilberto Dechelle', 'Masculino', 59, '3667151865', 42, NULL), (126, 'Dallon Stopp', 'Masculino', 32, '9791960091', 16, NULL), (127, 'Luce Caswill', 'Masculino', 39, '7264453788', 44, NULL), (128, 'Alvina McGragh', 'Femenino', 70, '7079601455', 42, NULL), (129, 'Terrijo Thurnham', 'Femenino', 55, '1041354481', 37, NULL), (130, 'Irwinn Dibble', 'Masculino', 63, '6894312085', 31, NULL), (131, 'Lora Eley', 'Femenino', 69, '1819143358', 37, NULL), (132, 'Mariska Gamett', 'Femenino', 18, '4022723062', 16, NULL), (133, 'Orazio Sreenan', 'Masculino', 37, '7519513115', 37, NULL), (134, 'Burl Candie', 'Masculino', 54, '5163013839', 26, NULL), (135, 'Brita Chopin', 'Femenino', 69, '6358279337', 20, NULL), (136, 'Worth Dollard', 'Masculino', 63, '2703979756', 12, NULL), (137, 'Charla Grimm', 'Femenino', 22, '5964200160', 40, NULL), (138, 'Isidoro Bridgnell', 'Masculino', 23, '4401784474', 4, NULL), (139, 'Rutter Phil', 'Masculino', 68, '5708230002', 49, NULL), (140, 'Cybill Oda', 'Femenino', 47, '4283618835', 28, NULL), (141, 'Si Shmyr', 'Masculino', 65, '2174328877', 36, NULL), (142, 'Nat Nielson', 'Masculino', 65, '8477202312', 47, NULL), (143, 'Adah Stuck', 'Femenino', 54, '2459066217', 2, NULL), (144, 'Shurlocke Labbett', 'Masculino', 52, '4056580484', 47, NULL), (145, 'Berton Proppers', 'Masculino', 22, '3307486753', 22, NULL), (146, 'Toddie Worcs', 'Masculino', 72, '2014923380', 18, NULL), (147, 'Hugibert Fines', 'Masculino', 56, '7699304077', 4, NULL), (148, 'Brnaba Kos', 'Masculino', 70, '4236931121', 12, NULL), (149, 'Malena Peyto', 'Femenino', 22, '5845604815', 23, NULL), (150, 'Neils MacCarter', 'Masculino', 50, '2657760214', 37, NULL), (151, 'Shepherd Du Barry', 'Masculino', 35, '6798040697', 22, NULL), (152, 'Lawton Grabeham', 'Masculino', 65, '2057869920', 19, NULL), (153, 'Loren Hanington', 'Masculino', 65, '4045052698', 35, NULL), (154, 'Gerianna Ebbage', 'Femenino', 33, '5712229122', 5, NULL), (155, 'Salaidh Suttle', 'Femenino', 71, '3827837200', 41, NULL), (156, 'Ann-marie Phoebe', 'Femenino', 38, '8931514186', 21, NULL), (157, 'Ame Parmer', 'Femenino', 35, '7021093240', 44, NULL), (158, 'Symon Mildner', 'Masculino', 37, '6931377465', 50, NULL), (159, 'Arda Titterington', 'Femenino', 59, '3069694127', 3, NULL), (160, 'Rosina Kurtis', 'Femenino', 66, '3347955921', 6, NULL), (161, 'Mata Lidington', 'Masculino', 50, '4483710811', 24, NULL), (162, 'Lynnea Lamp', 'Femenino', 56, '3528325814', 36, NULL), (163, 'Lemuel Gronaver', 'Masculino', 64, '5306467587', 16, NULL), (164, 'Joellen Freddi', 'Femenino', 27, '8144209422', 17, NULL), (165, 'Ardeen Tomczak', 'Femenino', 61, '8622213870', 14, NULL), (166, 'Harris Dutnall', 'Masculino', 46, '7212328447', 48, NULL), (167, 'Isa Croxley', 'Femenino', 28, '3562654736', 44, NULL), (168, 'Marlie Emerton', 'Femenino', 21, '9229947000', 11, NULL), (169, 'Betta Dible', 'Femenino', 71, '6624586764', 47, NULL), (170, 'Jefferson Boulder', 'Masculino', 56, '9631632950', 22, NULL), (171, 'Doti Sturgess', 'Femenino', 68, '2323348815', 43, NULL), (172, 'Mady Cashman', 'Femenino', 19, '6524050440', 2, NULL), (173, 'Sylvester Teaze', 'Masculino', 47, '2911730724', 38, NULL), (174, 'Codi Seacombe', 'Masculino', 46, '9039312119', 10, NULL), (175, 'Aeriela Rusling', 'Femenino', 58, '8132153607', 8, NULL), (176, 'Heriberto Corking', 'Masculino', 54, '6695400744', 49, NULL), (177, 'Cello Bruyntjes', 'Masculino', 45, '5571160241', 34, NULL), (178, 'Flori Kain', 'Femenino', 45, '8058491193', 27, NULL), (179, 'Marlie Bacon', 'Femenino', 29, '3695754095', 19, NULL), (180, 'Sebastian Britee', 'Masculino', 50, '4511810107', 36, NULL), (181, 'Aubry Noorwood', 'Femenino', 60, '7379171259', 50, NULL), (182, 'Nalani Peplay', 'Femenino', 26, '1086327689', 41, NULL), (183, 'Adelle Hellen', 'Femenino', 39, '9251737641', 44, NULL), (184, 'Ruthe Blessed', 'Femenino', 49, '3525181731', 14, NULL), (185, 'Peirce Oslar', 'Masculino', 29, '8003770422', 2, NULL), (186, 'Anna-diane Ranald', 'Femenino', 75, '7351703233', 41, NULL), (187, 'Maynard McNiven', 'Masculino', 74, '2362017470', 29, NULL), (188, 'Rouvin Ragge', 'Masculino', 62, '1324574202', 18, NULL), (189, 'Obadiah Dockwra', 'Masculino', 20, '7604668754', 48, NULL), (190, 'Mal Grahamslaw', 'Masculino', 18, '1844554434', 48, NULL), (191, 'Mickie McMennum', 'Masculino', 26, '3555880394', 1, NULL), (192, 'Isabeau Gammett', 'Femenino', 40, '8873414921', 14, NULL), (193, 'Felice Pratchett', 'Femenino', 61, '7908658808', 34, NULL), (194, 'Sherri Kiddie', 'Femenino', 61, '4552299567', 22, NULL), (195, 'Fernande Jakab', 'Femenino', 42, '9038507659', 45, NULL), (196, 'Worden Toghill', 'Masculino', 68, '1924931580', 44, NULL), (197, 'Stephana Hatch', 'Femenino', 29, '9781614759', 31, NULL), (198, 'Solomon Hindshaw', 'Masculino', 42, '5456477307', 26, NULL), (199, 'Rheba Cowern', 'Femenino', 35, '8522606667', 25, NULL), (200, 'Mercy Prestie', 'Femenino', 58, '2963092538', 9, NULL), (201, 'Jeanette Bennough', 'Femenino', 23, '4279236241', 41, NULL), (202, 'Alexander Meritt', 'Masculino', 71, '3933751376', 10, NULL), (203, 'Doretta Olexa', 'Femenino', 73, '6522548216', 18, NULL), (204, 'Delinda Westwater', 'Femenino', 36, '3278620103', 6, NULL), (205, 'Vivianna Schutt', 'Femenino', 31, '7034204985', 50, NULL), (206, 'Mandie Pettitt', 'Femenino', 53, '3922871975', 38, NULL), (207, 'Moselle Stollwerk', 'Femenino', 37, '1879446473', 45, NULL), (208, 'Norby Desborough', 'Masculino', 66, '1339575309', 44, NULL), (209, 'Pennie Woodley', 'Femenino', 59, '1465344947', 48, NULL), (210, 'Inge Klee', 'Femenino', 30, '3566830932', 17, NULL), (211, 'Nert Truckell', 'Femenino', 39, '6836264461', 11, NULL), (212, 'Maury Lealle', 'Masculino', 60, '9128346490', 38, NULL), (213, 'Alec Parmby', 'Masculino', 32, '8641276618', 19, NULL), (214, 'Kile Giannasi', 'Masculino', 52, '4174480283', 50, NULL), (215, 'Sampson Nannetti', 'Masculino', 35, '9191063432', 18, NULL), (216, 'Oriana Lackner', 'Femenino', 48, '9347913312', 48, NULL), (217, 'Clarice Remington', 'Femenino', 36, '5341827857', 36, NULL), (218, 'Saba Rudolf', 'Femenino', 59, '8389064250', 46, NULL), (219, 'Ree Siely', 'Femenino', 58, '1074290088', 45, NULL), (220, 'Rene Upson', 'Femenino', 40, '8368966727', 39, NULL), (221, 'Lynnea Olyonov', 'Femenino', 39, '7787553528', 23, NULL), (222, 'Derril Chiese', 'Masculino', 37, '9904000564', 41, NULL), (223, 'Lev MacKimmie', 'Masculino', 61, '5823680451', 27, NULL), (224, 'Garv O''Currigan', 'Masculino', 29, '9395063418', 23, NULL), (225, 'Muffin Doorey', 'Masculino', 37, '9296101851', 23, NULL), (226, 'Dian Bartoli', 'Femenino', 24, '6469549817', 3, NULL), (227, 'Creight Upcott', 'Masculino', 59, '2127979944', 21, NULL), (228, 'Dulcea Sandaver', 'Femenino', 59, '8847005875', 30, NULL), (229, 'Garey Eberdt', 'Masculino', 23, '4846963640', 6, NULL), (230, 'Wilden Berrisford', 'Masculino', 30, '7358791492', 17, NULL), (231, 'Cariotta Menichini', 'Femenino', 51, '8944607029', 14, NULL), (232, 'Kalila Leil', 'Femenino', 63, '6013856647', 2, NULL), (233, 'Howey Ilewicz', 'Masculino', 21, '7245279743', 8, NULL), (234, 'Ali Leythley', 'Masculino', 72, '2863603176', 33, NULL), (235, 'Giselle Archdeckne', 'Femenino', 62, '7075046540', 45, NULL), (236, 'Jocko Strewthers', 'Masculino', 18, '5613150367', 40, NULL), (237, 'Angus Gath', 'Masculino', 61, '6416092430', 35, NULL), (238, 'Orren Elesander', 'Masculino', 18, '2667247485', 43, NULL), (239, 'Kippie Overshott', 'Femenino', 47, '7538029477', 24, NULL), (240, 'Banky Truett', 'Masculino', 19, '2479566107', 16, NULL), (241, 'Ofelia Fillgate', 'Femenino', 26, '6678193573', 6, NULL), (242, 'Georgi Huxton', 'Masculino', 45, '1086823201', 32, NULL), (243, 'Sorcha Tanton', 'Femenino', 70, '2999019182', 23, NULL), (244, 'Sigismondo Wing', 'Masculino', 48, '7497640071', 28, NULL), (245, 'Midge Field', 'Femenino', 21, '9239460939', 16, NULL), (246, 'Ignacius Kingswoode', 'Masculino', 49, '6495103087', 7, NULL), (247, 'Marsh Kubach', 'Masculino', 70, '3445822304', 44, NULL), (248, 'Hendrik Duxbarry', 'Masculino', 33, '1197090949', 40, NULL), (249, 'Torie Bellison', 'Femenino', 56, '1448082524', 29, NULL), (250, 'Carmelia Bellord', 'Femenino', 18, '4625047777', 19, NULL), (251, 'Demetria McGahy', 'Femenino', 67, '5106686952', 9, NULL), (252, 'Gabrielle Walcot', 'Femenino', 54, '8625357620', 30, NULL), (253, 'Mischa Boggs', 'Masculino', 56, '1196213131', 33, NULL), (254, 'Ban Jukes', 'Masculino', 69, '3431152779', 11, NULL), (255, 'Adina Scandwright', 'Femenino', 23, '1966377781', 43, NULL), (256, 'Esther Luchetti', 'Femenino', 36, '8493202570', 17, NULL), (257, 'Iolanthe Perrie', 'Femenino', 48, '2478033609', 35, NULL), (258, 'Glennie Tooby', 'Femenino', 38, '5876093387', 2, NULL), (259, 'Samuel Hicken', 'Masculino', 73, '4224042261', 34, NULL), (260, 'Belita Cape', 'Femenino', 26, '9985604549', 11, NULL), (261, 'Kirstyn Grigoroni', 'Femenino', 21, '6012667775', 1, NULL), (262, 'Lindie Geraud', 'Femenino', 66, '7485185598', 44, NULL), (263, 'Carla Sawter', 'Femenino', 48, '6127134596', 25, NULL), (264, 'Rudiger Paaso', 'Masculino', 48, '4735926922', 22, NULL), (265, 'Wyatan Mauchline', 'Masculino', 36, '9307422943', 4, NULL), (266, 'Andria Pyffe', 'Femenino', 36, '4975150282', 39, NULL), (267, 'Roddy Rablin', 'Masculino', 52, '8266556258', 37, NULL), (268, 'Aaren Wort', 'Femenino', 59, '6998961317', 23, NULL), (269, 'Bernetta Braithwait', 'Femenino', 69, '3487757356', 9, NULL), (270, 'Susann Rotham', 'Femenino', 43, '7196714236', 1, NULL), (271, 'Taddeo Guiel', 'Masculino', 43, '3204363250', 44, NULL), (272, 'Marcella Gibbon', 'Femenino', 23, '6999216601', 44, NULL), (273, 'Porty Foulkes', 'Masculino', 22, '8264063460', 19, NULL), (274, 'Carce Melburg', 'Masculino', 37, '3719512959', 42, NULL), (275, 'Hillyer Parmeter', 'Masculino', 50, '9284231148', 47, NULL), (276, 'Gwendolyn Blaber', 'Femenino', 67, '7476358895', 30, NULL), (277, 'Kaylyn Worlock', 'Femenino', 31, '7419228615', 36, NULL), (278, 'Morley Willman', 'Masculino', 65, '8412242022', 5, NULL), (279, 'Alex Liggett', 'Masculino', 72, '3612728112', 10, NULL), (280, 'Elwood Barwood', 'Masculino', 73, '5852858922', 27, NULL), (281, 'Daisey Sivil', 'Femenino', 36, '5006204191', 27, NULL), (282, 'Roshelle Opie', 'Femenino', 67, '5325636239', 49, NULL), (283, 'Juliet Stenning', 'Femenino', 23, '9684772535', 46, NULL), (284, 'Selma Vance', 'Femenino', 52, '4466306584', 5, NULL), (285, 'Romola Jerrim', 'Femenino', 33, '9231144760', 16, NULL), (286, 'Calla Teather', 'Femenino', 27, '4421969524', 2, NULL), (287, 'Wendie Chevers', 'Femenino', 63, '5916665405', 30, NULL), (288, 'Elton Lenaghen', 'Masculino', 27, '9013944657', 42, NULL), (289, 'Kalil Redan', 'Masculino', 58, '2118328059', 10, NULL), (290, 'Olive Lease', 'Femenino', 30, '3813234783', 18, NULL), (291, 'Marguerite Carcass', 'Femenino', 55, '5063287868', 6, NULL), (292, 'Leigha Saines', 'Femenino', 71, '5213501091', 20, NULL), (293, 'Marlie Killelay', 'Femenino', 39, '2649058856', 43, NULL), (294, 'Kristo Tampin', 'Masculino', 52, '3486968368', 22, NULL), (295, 'Fitzgerald Neill', 'Masculino', 19, '4581176377', 34, NULL), (296, 'Ursola Ansell', 'Femenino', 66, '7075533013', 50, NULL), (297, 'Courtney Waskett', 'Femenino', 66, '9145296717', 17, NULL), (298, 'Moira Gainsburgh', 'Femenino', 46, '9055410306', 32, NULL), (299, 'Gerrard Fiveash', 'Masculino', 62, '7427579582', 43, NULL), (300, 'Elwira Gozzard', 'Femenino', 71, '3113751410', 30, NULL), (301, 'Michal Liversage', 'Femenino', 25, '3997969298', 8, NULL), (302, 'Roma Morena', 'Masculino', 29, '5388609024', 5, NULL), (303, 'Marge Lomen', 'Femenino', 74, '1117864891', 8, NULL), (304, 'Jesse Bellelli', 'Femenino', 40, '5244409206', 19, NULL), (305, 'Harmon Gomar', 'Masculino', 39, '3133481963', 2, NULL), (306, 'Gabbey Britt', 'Femenino', 65, '2784315855', 44, NULL), (307, 'Kyle Griffiths', 'Femenino', 23, '2194966426', 44, NULL), (308, 'Kattie Aspy', 'Femenino', 45, '8976120136', 48, NULL), (309, 'Adel Hopkynson', 'Femenino', 67, '1077292352', 26, NULL), (310, 'Ezechiel Ambrogelli', 'Masculino', 36, '3787058700', 25, NULL), (311, 'Keslie Biles', 'Femenino', 53, '3762319244', 34, NULL), (312, 'Leila Gilhool', 'Femenino', 73, '6606261772', 26, NULL), (313, 'Derril Haughton', 'Masculino', 56, '5346663430', 35, NULL), (314, 'Rocky Perrin', 'Masculino', 71, '9676031685', 50, NULL), (315, 'Findley Hardcastle', 'Masculino', 51, '9205051801', 46, NULL), (316, 'Gaby McGaughay', 'Femenino', 29, '6756905680', 1, NULL), (317, 'Chris Tully', 'Femenino', 51, '8186718997', 44, NULL), (318, 'Latisha Hodgin', 'Femenino', 63, '7618746160', 14, NULL), (319, 'Deloria Handmore', 'Femenino', 25, '3277094708', 18, NULL), (320, 'Terrence Bordone', 'Masculino', 38, '6688787274', 9, NULL), (321, 'Howard Browett', 'Masculino', 74, '6983746786', 9, NULL), (322, 'Elfrieda Sheepy', 'Femenino', 42, '9471112695', 5, NULL), (323, 'Randall Hubane', 'Masculino', 45, '3203396429', 50, NULL), (324, 'Poppy Geratt', 'Femenino', 23, '5147495766', 41, NULL), (325, 'Merola Bindon', 'Femenino', 38, '9229063184', 20, NULL), (326, 'Aila Layton', 'Femenino', 40, '9367844900', 23, NULL), (327, 'Nathalie Reddoch', 'Femenino', 22, '7899280436', 46, NULL), (328, 'Rufe Keatch', 'Masculino', 45, '7282776398', 19, NULL), (329, 'Teodor Bonefant', 'Masculino', 42, '7841524663', 30, NULL), (330, 'Sherill Overstall', 'Femenino', 53, '2149758944', 45, NULL), (331, 'Xerxes Orpwood', 'Masculino', 43, '1072008167', 25, NULL), (332, 'Hester Waterfield', 'Femenino', 64, '5774805035', 19, NULL), (333, 'Brenda Folley', 'Femenino', 30, '9734697837', 33, NULL), (334, 'Jeffry Roset', 'Masculino', 25, '3636568867', 15, NULL), (335, 'Ardyth Coultous', 'Femenino', 73, '4133462484', 47, NULL), (336, 'Anna-diane Soden', 'Femenino', 70, '9828734893', 46, NULL), (337, 'Grantham Danielczyk', 'Masculino', 72, '7575214230', 42, NULL), (338, 'Denys Keneforde', 'Masculino', 50, '3236816531', 9, NULL), (339, 'Adolf Cush', 'Masculino', 20, '8188237641', 13, NULL), (340, 'Merle Curphey', 'Femenino', 43, '1973419105', 27, NULL), (341, 'Bengt Dack', 'Masculino', 33, '1637382058', 29, NULL), (342, 'Hinda Sadry', 'Femenino', 43, '8783651626', 7, NULL), (343, 'Binny Casserly', 'Femenino', 19, '6772786850', 8, NULL), (344, 'Celine Le Blond', 'Femenino', 65, '1115326075', 24, NULL), (345, 'Bailie Konneke', 'Masculino', 50, '2511542248', 32, NULL), (346, 'Lizabeth Aitkin', 'Femenino', 48, '1444258776', 47, NULL), (347, 'Mervin Simeoni', 'Masculino', 35, '2253159326', 24, NULL), (348, 'Nevin Pahl', 'Masculino', 51, '9122436663', 13, NULL), (349, 'Bond French', 'Masculino', 74, '6841268358', 25, NULL), (350, 'Prudi Cardero', 'Femenino', 20, '5279330560', 13, NULL), (351, 'Carey Andreaccio', 'Masculino', 20, '6631064715', 30, NULL), (352, 'Kathi Gater', 'Femenino', 48, '5624876987', 50, NULL), (353, 'Mordecai Wikey', 'Masculino', 33, '4759216722', 5, NULL), (354, 'Janey De Beauchamp', 'Femenino', 64, '8503741117', 32, NULL), (355, 'Lyssa Ree', 'Femenino', 29, '1651616837', 34, NULL), (356, 'Adrien Coleson', 'Masculino', 27, '7052054433', 47, NULL), (357, 'Rodge Kraut', 'Masculino', 40, '8648883717', 33, NULL), (358, 'Trstram Wanstall', 'Masculino', 36, '4828093000', 50, NULL), (359, 'Ariana Emson', 'Femenino', 29, '6267795213', 41, NULL), (360, 'Ingeborg Esh', 'Femenino', 65, '9788328692', 19, NULL), (361, 'Dara Robiou', 'Femenino', 23, '4591291381', 5, NULL), (362, 'Gardy Noli', 'Masculino', 53, '8333787189', 32, NULL), (363, 'Harlin Boyda', 'Masculino', 34, '7343242822', 41, NULL), (364, 'Gilemette Elwood', 'Femenino', 68, '9164370315', 50, NULL), (365, 'Charita Gillease', 'Femenino', 50, '8078716343', 10, NULL), (366, 'Reade Jaffra', 'Masculino', 30, '8828962598', 10, NULL), (367, 'Cullie Mirams', 'Masculino', 50, '5896470896', 22, NULL), (368, 'Hildy Laughtisse', 'Femenino', 70, '3195212069', 43, NULL), (369, 'Carine Sainteau', 'Femenino', 41, '4643830890', 37, NULL), (370, 'Kylie Tarbet', 'Masculino', 40, '8999245574', 45, NULL), (371, 'Vinnie Benediktsson', 'Femenino', 34, '6231562133', 29, NULL), (372, 'Daffy Konzel', 'Femenino', 18, '8399843690', 44, NULL), (373, 'Kennie Extall', 'Masculino', 55, '1447186604', 33, NULL), (374, 'Brittan Gytesham', 'Femenino', 75, '2949093540', 31, NULL), (375, 'Gertrude Ranaghan', 'Femenino', 55, '6233884991', 37, NULL), (376, 'Link Tuer', 'Masculino', 25, '1237101244', 3, NULL), (377, 'Ashely Tower', 'Femenino', 41, '6314127870', 41, NULL), (378, 'Sherwin Wilkowski', 'Masculino', 61, '3881166287', 26, NULL), (379, 'Jayson Imesen', 'Masculino', 71, '5767454241', 18, NULL), (380, 'Roana Wyett', 'Femenino', 69, '2729617279', 38, NULL), (381, 'Kalle MacAscaidh', 'Masculino', 51, '2519118864', 26, NULL), (382, 'Garner Chittenden', 'Masculino', 37, '6353684432', 7, NULL), (383, 'Harmon Itscowics', 'Masculino', 35, '3647268621', 24, NULL), (384, 'Frederik Mousby', 'Masculino', 32, '4471517884', 30, NULL), (385, 'Harrison Itzkovici', 'Masculino', 21, '5863104080', 43, NULL), (386, 'Reinhard McPartlin', 'Masculino', 74, '5956488484', 10, NULL), (387, 'Pedro Slay', 'Masculino', 70, '8297756968', 41, NULL), (388, 'Clea Klimko', 'Femenino', 74, '9984540271', 26, NULL), (389, 'Coleman Ivankov', 'Masculino', 72, '8579746053', 22, NULL), (390, 'Dylan Gromley', 'Masculino', 60, '3233482531', 48, NULL), (391, 'Celia Freckingham', 'Femenino', 72, '1277889160', 19, NULL), (392, 'Alexio Fadell', 'Masculino', 31, '6759609136', 49, NULL), (393, 'Hyman Kellie', 'Masculino', 30, '3192781661', 20, NULL), (394, 'Winona Skaife', 'Femenino', 47, '3692783344', 1, NULL), (395, 'Lem Rust', 'Masculino', 63, '7414408056', 2, NULL), (396, 'Thorpe Pickance', 'Masculino', 27, '4238396830', 45, NULL), (397, 'Hughie Ganders', 'Masculino', 61, '3764358622', 29, NULL), (398, 'Jasun Berecloth', 'Masculino', 56, '9632224961', 17, NULL), (399, 'Juana Atherton', 'Femenino', 40, '4558179697', 21, NULL), (400, 'Justis Hennemann', 'Masculino', 61, '4925495598', 13, NULL), (401, 'Ceil Odda', 'Femenino', 57, '7557016751', 22, NULL), (402, 'Christabel Hatchard', 'Femenino', 27, '7391305642', 41, NULL), (403, 'Brucie Sultana', 'Masculino', 19, '3372959481', 38, NULL), (404, 'Michail Orteu', 'Masculino', 28, '1011787721', 20, NULL), (405, 'Thea Riepl', 'Femenino', 43, '4527830223', 4, NULL), (406, 'Dena Kupke', 'Femenino', 42, '8914327630', 14, NULL), (407, 'Prissie Crannis', 'Femenino', 42, '4201992001', 37, NULL), (408, 'Kendal Swateridge', 'Masculino', 39, '4642869528', 29, NULL), (409, 'Georgy Odeson', 'Masculino', 59, '2792766412', 49, NULL), (410, 'Farra Killough', 'Femenino', 38, '9539927759', 36, NULL), (411, 'Josepha Ruskin', 'Femenino', 35, '5844012494', 11, NULL), (412, 'Nixie Benezet', 'Femenino', 52, '1986544659', 5, NULL), (413, 'Shirley Ferson', 'Femenino', 24, '6767938666', 23, NULL), (414, 'Trix Biles', 'Femenino', 37, '3097183833', 39, NULL), (415, 'Melisa Dils', 'Femenino', 37, '7964839451', 6, NULL), (416, 'Gwenni Forshaw', 'Femenino', 38, '7031624375', 24, NULL), (417, 'Janos Prebble', 'Masculino', 52, '2737136228', 29, NULL), (418, 'Becky Murricanes', 'Femenino', 58, '7431905090', 15, NULL), (419, 'Demetra Rembrant', 'Femenino', 53, '6294318158', 26, NULL), (420, 'Reyna Winspeare', 'Femenino', 63, '9865244707', 7, NULL), (421, 'Juieta Charker', 'Femenino', 66, '5459564098', 45, NULL), (422, 'Hieronymus Latus', 'Masculino', 55, '7042862838', 3, NULL), (423, 'Bailey Manktelow', 'Masculino', 62, '4317052823', 50, NULL), (424, 'Lillian Broose', 'Femenino', 22, '5963225571', 44, NULL), (425, 'Wolfie Edmenson', 'Masculino', 60, '6996760237', 6, NULL), (426, 'Darryl Kiddy', 'Masculino', 26, '3044638490', 9, NULL), (427, 'Carin Giacomozzo', 'Femenino', 58, '1065062659', 35, NULL), (428, 'Felita Snowden', 'Femenino', 52, '6033429030', 9, NULL), (429, 'Catharina Bernot', 'Femenino', 23, '2087701032', 9, NULL), (430, 'Dorie Yurasov', 'Femenino', 26, '1628926176', 26, NULL), (431, 'Ossie Salkild', 'Masculino', 42, '9974492146', 37, NULL), (432, 'Lynda Dedham', 'Femenino', 59, '8747187265', 42, NULL), (433, 'Rasia Fairbrass', 'Femenino', 73, '2286720004', 22, NULL), (434, 'Faina Alster', 'Femenino', 64, '1303135995', 25, NULL), (435, 'Felecia Beel', 'Femenino', 53, '6324626301', 11, NULL), (436, 'Jasmina McKillop', 'Femenino', 50, '3327972094', 7, NULL), (437, 'Giorgia Spreull', 'Femenino', 18, '9335530226', 8, NULL), (438, 'Constantin Ybarra', 'Masculino', 72, '7558933582', 36, NULL), (439, 'Pattin Siveter', 'Masculino', 34, '1991084154', 44, NULL), (440, 'Mortimer Baseke', 'Masculino', 54, '8034914537', 12, NULL), (441, 'Kelsey Jahnig', 'Femenino', 57, '8246084578', 37, NULL), (442, 'Eimile Woodfield', 'Femenino', 36, '1294754153', 48, NULL), (443, 'Seymour Cortes', 'Masculino', 43, '8731944917', 8, NULL), (444, 'Magda Gwilym', 'Femenino', 56, '3764522966', 12, NULL), (445, 'Brita Dowry', 'Femenino', 55, '1678589104', 43, NULL), (446, 'Guy Disbrow', 'Masculino', 52, '6513070896', 26, NULL), (447, 'Rudy Angelini', 'Masculino', 60, '4529558929', 2, NULL), (448, 'Gabriello Werrett', 'Masculino', 32, '8924401690', 24, NULL), (449, 'Merla Twelftree', 'Femenino', 41, '3756307688', 37, NULL), (450, 'Timoteo Stannas', 'Masculino', 36, '5487857856', 39, NULL), (451, 'Adda Sisley', 'Femenino', 25, '1851506032', 48, NULL), (452, 'Raymund Fache', 'Masculino', 47, '9019136290', 47, NULL), (453, 'Leandra Burnsell', 'Femenino', 72, '5171810217', 3, NULL), (454, 'Beilul Brimblecomb', 'Femenino', 64, '5678645118', 35, NULL), (455, 'Tedra Wrightham', 'Femenino', 71, '4734113011', 27, NULL), (456, 'Dennie Faraker', 'Masculino', 45, '4036081998', 39, NULL), (457, 'Timmie Eliff', 'Masculino', 67, '3802448896', 25, NULL), (458, 'Margareta Caccavale', 'Femenino', 39, '1628541060', 23, NULL), (459, 'Orton Paulot', 'Masculino', 51, '7969467244', 10, NULL), (460, 'Byrle Moore', 'Masculino', 47, '3699404356', 18, NULL), (461, 'Muire Hartzog', 'Femenino', 20, '8063927585', 4, NULL), (462, 'Wilmar Cowwell', 'Masculino', 66, '5022448015', 27, NULL), (463, 'Lorianna Winkle', 'Femenino', 40, '5529847577', 34, NULL), (464, 'Tobin Craddy', 'Masculino', 44, '5999700729', 45, NULL), (465, 'Leela Fever', 'Femenino', 46, '1538455690', 4, NULL), (466, 'Court Triplett', 'Masculino', 65, '6892925604', 19, NULL), (467, 'Alie Osorio', 'Femenino', 38, '6318382697', 47, NULL), (468, 'Kimberlee Schulken', 'Femenino', 39, '6264924332', 28, NULL), (469, 'Inge Noore', 'Femenino', 22, '7284710452', 3, NULL), (470, 'Edouard Hattoe', 'Masculino', 22, '2826247956', 29, NULL), (471, 'Ardine Thorrington', 'Femenino', 69, '3978087028', 25, NULL), (472, 'Riley Beyne', 'Masculino', 46, '5622214138', 10, NULL), (473, 'Lew Hardy', 'Masculino', 35, '5281850188', 33, NULL), (474, 'Lief Harkes', 'Masculino', 25, '1731107179', 22, NULL), (475, 'Dylan Reynalds', 'Masculino', 40, '5851919829', 40, NULL), (476, 'Zena Arniz', 'Femenino', 43, '5023640446', 28, NULL), (477, 'Fancie Bagnold', 'Femenino', 54, '2821655086', 32, NULL), (478, 'Duke Ribbon', 'Masculino', 18, '5139353397', 43, NULL), (479, 'Dix Fishenden', 'Femenino', 34, '8776471947', 47, NULL), (480, 'Cliff Lacaze', 'Masculino', 68, '6421838079', 46, NULL), (481, 'Rorke Golsthorp', 'Masculino', 39, '4122965417', 48, NULL), (482, 'Jobey Klaaasen', 'Femenino', 47, '8077841789', 35, NULL), (483, 'Deirdre Icom', 'Femenino', 23, '2882571727', 9, NULL), (484, 'Cookie Fforde', 'Femenino', 31, '9787931222', 35, NULL), (485, 'Kristofor Skilbeck', 'Masculino', 19, '3717439687', 4, NULL), (486, 'Darbee Stiell', 'Masculino', 43, '7426824769', 14, NULL), (487, 'Domenic McAvinchey', 'Masculino', 43, '3456585857', 7, NULL), (488, 'Christalle Kurton', 'Femenino', 61, '5937374464', 34, NULL), (489, 'Mellisent Camocke', 'Femenino', 42, '7475733788', 29, NULL), (490, 'Gian Surmon', 'Masculino', 23, '7591167318', 12, NULL), (491, 'Babita Malan', 'Femenino', 46, '2983507016', 39, NULL), (492, 'Abby Coneybeare', 'Femenino', 65, '3034072199', 43, NULL), (493, 'Enrica Salzen', 'Femenino', 33, '4422668961', 46, NULL), (494, 'Fred Paolo', 'Femenino', 63, '1529685985', 22, NULL), (495, 'Jorry Secombe', 'Femenino', 42, '6823040674', 23, NULL), (496, 'Kirbee Spensly', 'Femenino', 23, '5526631178', 36, NULL), (497, 'Mimi Pridden', 'Femenino', 28, '1848212627', 16, NULL), (498, 'Rodney Durnell', 'Masculino', 51, '3191119668', 44, NULL), (499, 'Julienne Senescall', 'Femenino', 28, '2493358681', 33, NULL), (500, 'Marlo Sim', 'Masculino', 59, '3461518093', 27, NULL), (501, 'Ileane Ayre', 'Femenino', 41, '1586498079', 47, NULL), (502, 'Verla Molines', 'Femenino', 71, '1263267081', 30, NULL), (503, 'Nessi Mulholland', 'Femenino', 74, '2192500926', 13, NULL), (504, 'Connie Kolczynski', 'Femenino', 48, '7852015244', 39, NULL), (505, 'Mikel Berkeley', 'Masculino', 46, '1089274849', 3, NULL), (506, 'Jillie Sowrah', 'Femenino', 30, '5708461474', 2, NULL), (507, 'Finlay Osinin', 'Masculino', 43, '1141750226', 42, NULL), (508, 'Robin Brummitt', 'Masculino', 39, '5524648726', 25, NULL), (509, 'Glynda Klaffs', 'Femenino', 57, '9995778128', 25, NULL), (510, 'Ludwig Freckleton', 'Masculino', 73, '5817618755', 33, NULL), (511, 'Warren Dearing', 'Masculino', 31, '2163264226', 5, NULL), (512, 'Ernie Babinski', 'Masculino', 58, '4335543196', 5, NULL), (513, 'Lin Kirkbride', 'Masculino', 21, '6601671686', 30, NULL), (514, 'Eddy Brosoli', 'Femenino', 29, '8349626201', 17, NULL), (515, 'Yvor Staves', 'Masculino', 45, '2333131439', 50, NULL), (516, 'Myrle Bladesmith', 'Femenino', 23, '2488311680', 2, NULL), (517, 'Austina Volkes', 'Femenino', 72, '2861138876', 32, NULL), (518, 'Kandace Coddington', 'Femenino', 73, '4294284150', 32, NULL), (519, 'Rodney Denizet', 'Masculino', 67, '7184721785', 10, NULL), (520, 'Leann Melledy', 'Femenino', 74, '8126379248', 16, NULL), (521, 'Gwyneth Brinded', 'Femenino', 40, '8966537638', 44, NULL), (522, 'Skelly Saintpierre', 'Masculino', 62, '7222713579', 48, NULL), (523, 'Cathyleen Outright', 'Femenino', 48, '8154000306', 22, NULL), (524, 'Mariska Betonia', 'Femenino', 49, '5117960875', 34, NULL), (525, 'Yardley Gravey', 'Masculino', 41, '4948299306', 37, NULL), (526, 'Jacquenetta Forty', 'Femenino', 31, '5169001356', 20, NULL), (527, 'Curt Cabell', 'Masculino', 74, '2406397221', 46, NULL), (528, 'Paola Trever', 'Femenino', 26, '3549775284', 49, NULL), (529, 'Lexine Prickett', 'Femenino', 69, '2833450462', 35, NULL), (530, 'Joellyn Kolin', 'Femenino', 51, '4897605518', 30, NULL), (531, 'Sasha Spavon', 'Masculino', 29, '8481664382', 19, NULL), (532, 'Delly Solway', 'Femenino', 67, '9749359069', 46, NULL), (533, 'Niccolo Fleckness', 'Masculino', 45, '4171079874', 4, NULL), (534, 'Darbie Seccombe', 'Femenino', 61, '4904697520', 40, NULL), (535, 'Berton Georgot', 'Masculino', 62, '3828193012', 48, NULL), (536, 'Thorvald Coslitt', 'Masculino', 52, '4396037528', 3, NULL), (537, 'Lucine Hargreves', 'Femenino', 25, '1567929303', 37, NULL), (538, 'Merla Reveley', 'Femenino', 34, '6924399289', 33, NULL), (539, 'Sal Meachan', 'Femenino', 62, '6145119158', 22, NULL), (540, 'Derrek Bleasdale', 'Masculino', 47, '9186776337', 11, NULL), (541, 'Elke Wilce', 'Femenino', 20, '1751088441', 20, NULL), (542, 'Garrett Ortells', 'Masculino', 69, '4414176327', 50, NULL), (543, 'Raye Pentelow', 'Femenino', 29, '8075873037', 3, NULL), (544, 'Rowen Petracci', 'Masculino', 48, '7868989616', 10, NULL), (545, 'Oliviero Noke', 'Masculino', 37, '2997100775', 18, NULL), (546, 'Kristina Haith', 'Femenino', 35, '2788387854', 20, NULL), (547, 'Angeli Saddleton', 'Masculino', 46, '4131581394', 4, NULL), (548, 'Siobhan Lorenzin', 'Femenino', 45, '7708677281', 1, NULL), (549, 'Nonna Barrett', 'Femenino', 31, '5518351180', 19, NULL), (550, 'Karie Gilvear', 'Femenino', 50, '1048329776', 22, NULL), (551, 'Sharl Bissett', 'Femenino', 45, '9312084302', 50, NULL), (552, 'Luciano Rapelli', 'Masculino', 19, '2924479101', 34, NULL), (553, 'Erie Tosspell', 'Masculino', 41, '5338422389', 22, NULL), (554, 'Nichols Bernaert', 'Masculino', 39, '1047425969', 44, NULL), (555, 'Lorie Cutajar', 'Femenino', 70, '6481430887', 43, NULL), (556, 'Petronilla Stot', 'Femenino', 74, '1693217067', 4, NULL), (557, 'Courtenay Gabotti', 'Femenino', 55, '1789822710', 16, NULL), (558, 'Gottfried Spieght', 'Masculino', 62, '9968786505', 20, NULL), (559, 'Sylas Roumier', 'Masculino', 27, '5885565502', 7, NULL), (560, 'Cornelius Ianizzi', 'Masculino', 54, '1335262823', 46, NULL), (561, 'Zared Wankling', 'Masculino', 52, '9158019086', 14, NULL), (562, 'Grace Swindley', 'Femenino', 57, '1038612710', 2, NULL), (563, 'Patrice Brotherhood', 'Femenino', 65, '5862618797', 50, NULL), (564, 'Leroi M''cowis', 'Masculino', 48, '9392554603', 46, NULL), (565, 'Stesha Lummasana', 'Femenino', 28, '4771420487', 47, NULL), (566, 'Ash Shelford', 'Masculino', 62, '4572865347', 36, NULL), (567, 'Estevan Lathy', 'Masculino', 54, '7912385817', 20, NULL), (568, 'Vaughn Tringham', 'Masculino', 32, '9417775675', 42, NULL), (569, 'Oliy Vanyarkin', 'Femenino', 23, '7594940026', 38, NULL), (570, 'Murray Carlile', 'Masculino', 71, '1418176569', 9, NULL), (571, 'Welbie Redmayne', 'Masculino', 41, '3557948458', 48, NULL), (572, 'Ario Shawdforth', 'Masculino', 32, '2113685129', 7, NULL), (573, 'Lutero Hess', 'Masculino', 30, '1075780909', 19, NULL), (574, 'Iris Trussman', 'Femenino', 22, '8427420109', 5, NULL), (575, 'Harmonia Jaksic', 'Femenino', 26, '8879582890', 16, NULL), (576, 'Tyrus Izakson', 'Masculino', 59, '8673605912', 1, NULL), (577, 'Sharl Whayman', 'Femenino', 31, '9969295007', 36, NULL), (578, 'Agata Clyne', 'Femenino', 39, '8345108306', 31, NULL), (579, 'Jeanna Dargan', 'Femenino', 51, '2566839908', 12, NULL), (580, 'Nicola Joney', 'Femenino', 41, '2376775717', 49, NULL), (581, 'Clyve Patmore', 'Masculino', 37, '1413524124', 34, NULL), (582, 'Chauncey Wildey', 'Masculino', 71, '6611189020', 23, NULL), (583, 'Elisha Cleugher', 'Femenino', 58, '9935537757', 39, NULL), (584, 'Gusty Amsden', 'Femenino', 53, '2714755834', 48, NULL), (585, 'Tami Geraghty', 'Femenino', 43, '7981649268', 26, NULL), (586, 'Zacherie Gilding', 'Masculino', 30, '7358412513', 4, NULL), (587, 'Adan Bardwell', 'Masculino', 33, '1879724008', 8, NULL), (588, 'Dore Scally', 'Masculino', 56, '6505770040', 31, NULL), (589, 'Cristie Doick', 'Femenino', 55, '9858050149', 29, NULL), (590, 'Izaak Frango', 'Masculino', 74, '7726949940', 5, NULL), (591, 'Pamella Smullin', 'Femenino', 64, '5524008691', 26, NULL), (592, 'Damian Vahl', 'Masculino', 67, '6823456716', 46, NULL), (593, 'Rriocard Legonidec', 'Masculino', 47, '6465904871', 9, NULL), (594, 'Angelia Wellman', 'Femenino', 20, '8244706751', 45, NULL), (595, 'Beverlie Mortel', 'Femenino', 49, '5268332798', 32, NULL), (596, 'Leroy Nel', 'Masculino', 37, '1213384564', 20, NULL), (597, 'Guss Josefowicz', 'Masculino', 20, '7143531886', 9, NULL), (598, 'Humfrey Antonazzi', 'Masculino', 39, '1024824392', 24, NULL), (599, 'Ravi McCraine', 'Masculino', 52, '2355662634', 15, NULL), (600, 'Orran Vine', 'Masculino', 51, '2467531885', 17, NULL), (601, 'Joshuah Hacaud', 'Masculino', 60, '5193219486', 12, NULL), (602, 'Hinda Bryett', 'Femenino', 58, '9072999134', 33, NULL), (603, 'Johnathon Boleyn', 'Masculino', 53, '6229266887', 10, NULL), (604, 'Lynnell Maudett', 'Femenino', 24, '8291644119', 19, NULL), (605, 'Abbie Godson', 'Femenino', 58, '2475044000', 33, NULL), (606, 'Janeta Chantillon', 'Femenino', 33, '4279289674', 43, NULL), (607, 'Wandie Castagnaro', 'Femenino', 65, '5761525520', 45, NULL), (608, 'Marilee Aburrow', 'Femenino', 62, '4768586072', 37, NULL), (609, 'Ariadne Rutty', 'Femenino', 51, '8813914691', 38, NULL), (610, 'Vince Creavan', 'Masculino', 36, '5165667589', 36, NULL), (611, 'Agace Eddies', 'Femenino', 24, '4682487329', 33, NULL), (612, 'Reider Dawks', 'Masculino', 66, '1561729437', 45, NULL), (613, 'Basilio Beane', 'Masculino', 21, '3193659072', 11, NULL), (614, 'Anallise Band', 'Femenino', 56, '1629204711', 17, NULL), (615, 'Judd Waltering', 'Masculino', 26, '8114992725', 23, NULL), (616, 'Bathsheba Grindley', 'Femenino', 44, '1616611742', 11, NULL), (617, 'Fred MacCrossan', 'Femenino', 29, '2829503783', 48, NULL), (618, 'Melisse Sheed', 'Femenino', 20, '6752237518', 30, NULL), (619, 'Teirtza Steptow', 'Femenino', 31, '5913755219', 42, NULL), (620, 'Chandler Cantua', 'Masculino', 33, '4169778077', 14, NULL), (621, 'Sukey Colt', 'Femenino', 40, '1046933932', 24, NULL), (622, 'Paulita De Gregoli', 'Femenino', 26, '4882131467', 43, NULL), (623, 'Jemima Coker', 'Femenino', 63, '4051519339', 15, NULL), (624, 'Daren Myrie', 'Masculino', 23, '3102451437', 6, NULL), (625, 'Morie Machel', 'Masculino', 63, '2293689862', 18, NULL), (626, 'Ruthy Roseman', 'Femenino', 66, '6979607562', 16, NULL), (627, 'Yasmin Minihan', 'Femenino', 67, '3091955381', 45, NULL), (628, 'Yorgos Speakman', 'Masculino', 26, '4827397139', 39, NULL), (629, 'Meridith Hortop', 'Femenino', 47, '5835052143', 11, NULL), (630, 'Fleurette Punchard', 'Femenino', 38, '8592784549', 45, NULL), (631, 'Claresta Brahms', 'Femenino', 75, '5308785538', 9, NULL), (632, 'Tricia Hanby', 'Femenino', 46, '4301713047', 7, NULL), (633, 'Howie Harbottle', 'Masculino', 59, '9282285716', 48, NULL), (634, 'Truda Wasmer', 'Femenino', 52, '1387244240', 42, NULL), (635, 'Wilhelmine Groombridge', 'Femenino', 71, '1078994387', 28, NULL), (636, 'Anet Crockatt', 'Femenino', 31, '4239725368', 5, NULL), (637, 'Arny Mudd', 'Masculino', 47, '4006111928', 21, NULL), (638, 'Rodie Grise', 'Femenino', 55, '3541306123', 3, NULL), (639, 'Matti Alvis', 'Femenino', 53, '6779106364', 41, NULL), (640, 'Federica McArt', 'Femenino', 55, '2944052114', 43, NULL), (641, 'Desdemona Carass', 'Femenino', 57, '2332924499', 7, NULL), (642, 'Howey Applin', 'Masculino', 59, '2021650582', 3, NULL), (643, 'Bert holmes', 'Femenino', 50, '4401526460', 24, NULL), (644, 'Lottie Cornelisse', 'Femenino', 66, '7271449060', 36, NULL), (645, 'Alana Nail', 'Femenino', 33, '7811785047', 30, NULL), (646, 'Holly Alesi', 'Masculino', 51, '2573492917', 42, NULL), (647, 'Penny Lechelle', 'Masculino', 69, '1178579450', 26, NULL), (648, 'Verney Roscoe', 'Masculino', 71, '1481956923', 20, NULL), (649, 'Link Filippov', 'Masculino', 41, '3935628900', 42, NULL), (650, 'Aveline Kyllford', 'Femenino', 28, '4768037121', 4, NULL), (651, 'Consuelo Hansemann', 'Femenino', 65, '7495900604', 48, NULL), (652, 'Toinette Arias', 'Femenino', 19, '2417920082', 22, NULL), (653, 'Bertine Bowdidge', 'Femenino', 65, '4294434718', 9, NULL), (654, 'Berke Aartsen', 'Masculino', 32, '4143284502', 22, NULL), (655, 'Maurine Jay', 'Femenino', 65, '9793425453', 40, NULL), (656, 'Gusta Lockett', 'Femenino', 57, '1329328471', 1, NULL), (657, 'Wye Sales', 'Masculino', 26, '7072399529', 42, NULL), (658, 'Daisi Speachley', 'Femenino', 37, '3036197068', 29, NULL), (659, 'Kerri Gynni', 'Femenino', 60, '6351511539', 10, NULL), (660, 'Vaclav de Mullett', 'Masculino', 70, '6802438655', 24, NULL), (661, 'Hedda Ridulfo', 'Femenino', 62, '6422004426', 3, NULL), (662, 'Peggie Primett', 'Femenino', 61, '8594730442', 22, NULL), (663, 'Ardath Grollmann', 'Femenino', 46, '8626813533', 1, NULL), (664, 'Larina Kamienski', 'Femenino', 30, '5017355090', 48, NULL), (665, 'Ronalda Fourman', 'Femenino', 74, '3091548745', 45, NULL), (666, 'Raye Dodgshon', 'Femenino', 52, '3493593160', 19, NULL), (667, 'Saraann Shopcott', 'Femenino', 55, '5802252789', 20, NULL), (668, 'Lotty Grzes', 'Femenino', 67, '5634031507', 20, NULL), (669, 'Wash Spicer', 'Masculino', 42, '7804070765', 32, NULL), (670, 'Neron Rohlfing', 'Masculino', 73, '3752920573', 18, NULL), (671, 'Geoff Grayne', 'Masculino', 24, '2408870114', 31, NULL), (672, 'Kippy Dickin', 'Femenino', 73, '1482611649', 6, NULL), (673, 'Kelvin Blagden', 'Masculino', 50, '4588807193', 31, NULL), (674, 'Winona Atcock', 'Femenino', 69, '2559397016', 11, NULL), (675, 'Elli Padrick', 'Femenino', 68, '4047666495', 38, NULL), (676, 'Theresina Despenser', 'Femenino', 25, '2205654577', 29, NULL), (677, 'Shannah Langelay', 'Femenino', 38, '5451552458', 44, NULL), (678, 'Jard Dunsire', 'Masculino', 68, '3667498584', 23, NULL), (679, 'Roth Wisher', 'Masculino', 46, '3981031685', 27, NULL), (680, 'Dwayne Umbert', 'Masculino', 45, '6479543344', 26, NULL), (681, 'Jessalin Krolik', 'Femenino', 53, '6899500288', 7, NULL), (682, 'Brade Garlee', 'Masculino', 44, '1884652638', 11, NULL), (683, 'Tammie Bleacher', 'Femenino', 41, '1141712022', 13, NULL), (684, 'Sashenka Cammis', 'Femenino', 66, '1476307372', 6, NULL), (685, 'Kizzee Bowkett', 'Femenino', 45, '5369123820', 15, NULL), (686, 'Caitrin Cleugh', 'Femenino', 26, '9693339297', 34, NULL), (687, 'Horst Stockle', 'Masculino', 32, '6106994014', 7, NULL), (688, 'Shae Kynvin', 'Femenino', 37, '4511269015', 40, NULL), (689, 'Bernarr Urwen', 'Masculino', 19, '7112932474', 42, NULL), (690, 'Penrod Tapping', 'Masculino', 71, '8891353128', 22, NULL), (691, 'Noland Jerisch', 'Masculino', 49, '5778166649', 24, NULL), (692, 'Calida Adderson', 'Femenino', 61, '6686946889', 7, NULL), (693, 'Laurel Abatelli', 'Femenino', 24, '5196213438', 34, NULL), (694, 'Lothario Manchester', 'Masculino', 54, '9582871856', 20, NULL), (695, 'Hazel Duckworth', 'Femenino', 21, '4708616480', 48, NULL), (696, 'Feliks Fishburn', 'Masculino', 74, '6523768880', 17, NULL), (697, 'Charisse Clemensen', 'Femenino', 26, '3557585073', 47, NULL), (698, 'Eberhard Szach', 'Masculino', 18, '9929015876', 48, NULL), (699, 'Manon Beddows', 'Femenino', 52, '7429999975', 50, NULL), (700, 'Guenevere Megarrell', 'Femenino', 71, '4212177731', 15, NULL), (701, 'Alessandra Levi', 'Femenino', 26, '8016446940', 1, NULL), (702, 'Nate Seago', 'Masculino', 47, '7697929909', 6, NULL), (703, 'Rochelle Decent', 'Femenino', 35, '1023440279', 39, NULL), (704, 'Emilee Bevan', 'Femenino', 43, '4892614543', 12, NULL), (705, 'Fifine Biers', 'Femenino', 74, '6142135178', 14, NULL), (706, 'Salli Knightsbridge', 'Femenino', 18, '4734917292', 24, NULL), (707, 'Forest Dorgan', 'Masculino', 32, '7993949657', 26, NULL), (708, 'Dorian Oakes', 'Masculino', 24, '4669965509', 21, NULL), (709, 'Huey Goulborne', 'Masculino', 25, '2005674827', 11, NULL), (710, 'Waverly Carley', 'Masculino', 25, '3364364824', 32, NULL), (711, 'Truda Thornbarrow', 'Femenino', 40, '5812142562', 15, NULL), (712, 'Stacey Byas', 'Femenino', 63, '5072097787', 48, NULL), (713, 'Alfie Rowsell', 'Masculino', 24, '1293676878', 2, NULL), (714, 'Laney Fosher', 'Femenino', 18, '1353084095', 19, NULL), (715, 'Alva Sneddon', 'Masculino', 57, '3015176113', 32, NULL), (716, 'Faber Ivens', 'Masculino', 47, '5341779566', 36, NULL), (717, 'Pinchas Shotboulte', 'Masculino', 38, '2921744902', 50, NULL), (718, 'Blinny Fermin', 'Femenino', 59, '1315832171', 34, NULL), (719, 'Ilsa Binden', 'Femenino', 73, '4117610140', 39, NULL), (720, 'De witt Blackader', 'Masculino', 47, '6754983852', 42, NULL), (721, 'Dorie Botha', 'Femenino', 33, '8016383996', 26, NULL), (722, 'Abbie Shurrocks', 'Femenino', 20, '5378240101', 27, NULL), (723, 'Keven Swannick', 'Masculino', 45, '4646269757', 17, NULL), (724, 'Tiertza Jannex', 'Femenino', 59, '6014037321', 47, NULL), (725, 'Vanda Fearnley', 'Femenino', 44, '5052333028', 10, NULL), (726, 'Patience Baukham', 'Femenino', 42, '6686926567', 48, NULL), (727, 'Wilton Foister', 'Masculino', 28, '9583573788', 2, NULL), (728, 'Hyacinthia Bortoluzzi', 'Femenino', 47, '7412022204', 41, NULL), (729, 'De Trevenu', 'Femenino', 70, '6094036744', 4, NULL), (730, 'Pace Jossel', 'Masculino', 30, '9211493796', 3, NULL), (731, 'Ethyl Pranger', 'Femenino', 49, '2354900124', 9, NULL), (732, 'Dwain Minihane', 'Masculino', 48, '1434801144', 3, NULL), (733, 'Aristotle Siene', 'Masculino', 65, '4287149713', 40, NULL), (734, 'Andria Goldson', 'Femenino', 70, '9238083933', 47, NULL), (735, 'Ema Breazeall', 'Femenino', 22, '6987378969', 44, NULL), (736, 'Jillayne Pimer', 'Femenino', 33, '5415392759', 44, NULL), (737, 'Prent Bum', 'Masculino', 25, '4513632259', 2, NULL), (738, 'Sadye Beacham', 'Femenino', 61, '8431368268', 44, NULL), (739, 'Caty Durand', 'Femenino', 42, '7559712160', 20, NULL), (740, 'Neville Downing', 'Masculino', 35, '4549462689', 34, NULL), (741, 'Marshall Maylard', 'Masculino', 73, '4217381130', 33, NULL), (742, 'Peggi Studders', 'Femenino', 28, '2362239348', 35, NULL), (743, 'Conchita Carhart', 'Femenino', 23, '2366024299', 8, NULL), (744, 'Reeva Jerrams', 'Femenino', 58, '6803143278', 33, NULL), (745, 'Petra Monckton', 'Femenino', 26, '3826715580', 17, NULL), (746, 'Englebert Gent', 'Masculino', 58, '5262297138', 40, NULL), (747, 'Erma Hexam', 'Femenino', 24, '2867487133', 3, NULL), (748, 'Jaclin McNeigh', 'Femenino', 54, '8622648995', 23, NULL), (749, 'Selma Tillyer', 'Femenino', 71, '8907486673', 30, NULL), (750, 'Lynelle Purry', 'Femenino', 47, '4841215467', 38, NULL), (751, 'Shela Conradsen', 'Femenino', 60, '4351177990', 12, NULL), (752, 'Cassi Heibl', 'Femenino', 56, '6594542578', 38, NULL), (753, 'Junia Gott', 'Femenino', 35, '4728964246', 47, NULL), (754, 'Danit Tidbold', 'Femenino', 33, '7977742074', 25, NULL), (755, 'Coralie Chataignier', 'Femenino', 29, '6987037418', 40, NULL), (756, 'Shay Krug', 'Femenino', 25, '1398107931', 40, NULL), (757, 'Gena Child', 'Femenino', 39, '5995375697', 26, NULL), (758, 'Benjamen Dalley', 'Masculino', 41, '6441095983', 17, NULL), (759, 'Humberto Kopman', 'Masculino', 37, '1796488224', 40, NULL), (760, 'Ethelin Tissington', 'Femenino', 63, '8223403808', 30, NULL), (761, 'Kinna Handslip', 'Femenino', 69, '8887406142', 29, NULL), (762, 'Tessy Pettiward', 'Femenino', 42, '9723698228', 3, NULL), (763, 'Saunder Konrad', 'Masculino', 27, '8825276928', 3, NULL), (764, 'Jamaal Tompkins', 'Masculino', 32, '6599253867', 19, NULL), (765, 'Virgina Easthope', 'Femenino', 37, '2943278819', 11, NULL), (766, 'Myrtie Korf', 'Femenino', 37, '4467838650', 24, NULL), (767, 'Emmalynn Kobiera', 'Femenino', 58, '4579813558', 47, NULL), (768, 'Parrnell Reedick', 'Masculino', 71, '7071437168', 5, NULL), (769, 'Alyosha Locks', 'Masculino', 19, '6427305737', 44, NULL), (770, 'Agnese Itzcovichch', 'Femenino', 73, '3192732052', 16, NULL), (771, 'Jasen Ropartz', 'Masculino', 71, '3128455035', 3, NULL), (772, 'Afton Fihelly', 'Femenino', 31, '3954254710', 43, NULL), (773, 'Denver Sheepy', 'Masculino', 51, '4076111128', 44, NULL), (774, 'Jennette Britch', 'Femenino', 64, '9628323777', 40, NULL), (775, 'Jeffry Marquiss', 'Masculino', 69, '5374812815', 16, NULL), (776, 'Farica Drewson', 'Femenino', 62, '3731282960', 36, NULL), (777, 'Samara Fridaye', 'Femenino', 61, '9121707587', 23, NULL), (778, 'Zacharie Reggiani', 'Masculino', 38, '9181503220', 41, NULL), (779, 'Sergio Attkins', 'Masculino', 48, '6829079711', 19, NULL), (780, 'Keary Lamble', 'Masculino', 61, '3997123064', 22, NULL), (781, 'Catlin Pellant', 'Femenino', 69, '6367724142', 35, NULL), (782, 'Carey Rabat', 'Masculino', 53, '3927005748', 48, NULL), (783, 'Albert Cuffley', 'Masculino', 40, '1254068516', 38, NULL), (784, 'Park Stanlack', 'Masculino', 23, '2411423494', 40, NULL), (785, 'Cletus Boater', 'Masculino', 24, '6396293946', 38, NULL), (786, 'Ashien Crossgrove', 'Femenino', 64, '6582369160', 21, NULL), (787, 'Ara Gallant', 'Femenino', 69, '7211044528', 50, NULL), (788, 'Field Kiddie', 'Masculino', 61, '2147222384', 21, NULL), (789, 'Charil MacNeice', 'Femenino', 37, '5245258534', 6, NULL), (790, 'Brendan Ben', 'Masculino', 30, '3599431028', 17, NULL), (791, 'Kiah Cona', 'Femenino', 51, '6313868257', 39, NULL), (792, 'Dolly Stanger', 'Femenino', 63, '8699932477', 11, NULL), (793, 'Halimeda Eddleston', 'Femenino', 71, '7027874217', 14, NULL), (794, 'Alister Gillicuddy', 'Masculino', 75, '9595274008', 29, NULL), (795, 'Rivalee Goucher', 'Femenino', 25, '9807639686', 31, NULL), (796, 'Giffard Rubbens', 'Masculino', 44, '3009753270', 49, NULL), (797, 'Renard Hoggetts', 'Masculino', 18, '7037128701', 30, NULL), (798, 'Natalya Hastings', 'Femenino', 19, '9818824304', 34, NULL), (799, 'Jamey Giorgielli', 'Masculino', 62, '3546188844', 16, NULL), (800, 'Rafael Woodhouse', 'Masculino', 36, '9748501620', 15, NULL), (801, 'Derward Darton', 'Masculino', 49, '8923405832', 23, NULL), (802, 'Sharl Ledgerton', 'Femenino', 26, '2026647338', 45, NULL), (803, 'Dominick Burberry', 'Masculino', 39, '8512567635', 3, NULL), (804, 'Eb Turland', 'Masculino', 27, '6146454815', 18, NULL), (805, 'Robinson Phythien', 'Masculino', 69, '5353349155', 25, NULL), (806, 'Jonie Nipper', 'Femenino', 56, '4348220567', 44, NULL), (807, 'Clarine Dingley', 'Femenino', 55, '2861010527', 8, NULL), (808, 'Rahal Rapps', 'Femenino', 27, '8729612136', 9, NULL), (809, 'Jereme Tumayan', 'Masculino', 27, '9312766626', 31, NULL), (810, 'Mel Lammie', 'Femenino', 47, '1272319835', 15, NULL), (811, 'Alisander Dooman', 'Masculino', 21, '9325918813', 32, NULL), (812, 'Allan Poore', 'Masculino', 29, '3927490495', 41, NULL), (813, 'Jessy Rouby', 'Femenino', 31, '6521530585', 35, NULL), (814, 'Devora Cattanach', 'Femenino', 28, '4757910989', 42, NULL), (815, 'Lilla Gave', 'Femenino', 63, '3398222110', 1, NULL), (816, 'Tibold Trowill', 'Masculino', 23, '1542021130', 11, NULL), (817, 'Annmaria McClintock', 'Femenino', 73, '1794178779', 4, NULL), (818, 'Angelina Huncote', 'Femenino', 60, '7145724244', 1, NULL), (819, 'Darin Lovett', 'Masculino', 62, '5162162576', 17, NULL), (820, 'Andi Blackler', 'Femenino', 23, '3853707307', 29, NULL), (821, 'Dougie Franks', 'Masculino', 20, '1561419287', 35, NULL), (822, 'Katleen Bohl', 'Femenino', 63, '8692672643', 45, NULL), (823, 'Georgianne Plait', 'Femenino', 39, '2613825137', 33, NULL), (824, 'Tisha Dove', 'Femenino', 59, '3114897194', 50, NULL), (825, 'Mitchael Siemon', 'Masculino', 26, '2304318265', 50, NULL), (826, 'Tuck Woodger', 'Masculino', 63, '8975631171', 30, NULL), (827, 'Star Layborn', 'Femenino', 69, '9917297442', 14, NULL), (828, 'Augustin Maciunas', 'Masculino', 30, '4571164540', 17, NULL), (829, 'Chancey Sambals', 'Masculino', 25, '8908228477', 32, NULL), (830, 'Theodora Eversley', 'Femenino', 24, '6698391765', 15, NULL), (831, 'Dareen Cuschieri', 'Femenino', 26, '8664084978', 40, NULL), (832, 'Corny Seebert', 'Masculino', 39, '8461854534', 43, NULL), (833, 'Marietta Dimitrov', 'Masculino', 51, '8773853052', 35, NULL), (834, 'Dulsea Houldcroft', 'Femenino', 61, '4072551063', 15, NULL), (835, 'Urbain Pople', 'Masculino', 27, '8616937285', 14, NULL), (836, 'Esther Figurski', 'Femenino', 69, '8161202298', 32, NULL), (837, 'Gena Renault', 'Femenino', 43, '8279828200', 42, NULL), (838, 'Barbe Wallington', 'Femenino', 23, '2907475070', 11, NULL), (839, 'Corinne Orteaux', 'Femenino', 50, '7821590603', 11, NULL), (840, 'Marianna Le Sarr', 'Femenino', 33, '9966846951', 22, NULL), (841, 'Yorgos Thorius', 'Masculino', 20, '8996745371', 36, NULL), (842, 'Grayce Ditch', 'Femenino', 24, '2547153035', 1, NULL), (843, 'Stephenie Dran', 'Femenino', 33, '6139340801', 19, NULL), (844, 'Bourke McTrustrie', 'Masculino', 52, '4245281275', 32, NULL), (845, 'Torre Cruxton', 'Masculino', 23, '7929164920', 41, NULL), (846, 'Whitney Lytton', 'Masculino', 51, '6373785153', 6, NULL), (847, 'Maude Elms', 'Femenino', 57, '5132507659', 11, NULL), (848, 'Fara Glidden', 'Femenino', 55, '8406359160', 50, NULL), (849, 'Claudell Blanking', 'Masculino', 29, '5924006407', 8, NULL), (850, 'Kellia Gierth', 'Femenino', 33, '7612533640', 12, NULL), (851, 'Holmes Josefsohn', 'Masculino', 37, '8957596460', 33, NULL), (852, 'Caitlin Getten', 'Femenino', 52, '7936361972', 19, NULL), (853, 'Charlean Leicester', 'Femenino', 19, '2439486203', 50, NULL), (854, 'Catherin Tipperton', 'Femenino', 71, '4681793327', 12, NULL), (855, 'Shela Roycroft', 'Femenino', 28, '7111656449', 32, NULL), (856, 'Lorianne Furzer', 'Femenino', 75, '7149120792', 47, NULL), (857, 'Byron Heasley', 'Masculino', 39, '8737362549', 25, NULL), (858, 'Alanna Rosin', 'Femenino', 54, '9085165495', 5, NULL), (859, 'Walton Sandeman', 'Masculino', 62, '5041316932', 11, NULL), (860, 'Titos Lowndesbrough', 'Masculino', 63, '7194316133', 9, NULL), (861, 'Peta Fownes', 'Femenino', 48, '1915687402', 3, NULL), (862, 'Jobyna Whistance', 'Femenino', 39, '3624631603', 47, NULL), (863, 'Herb Gierek', 'Masculino', 62, '5262270760', 23, NULL), (864, 'Vladimir Ferrelli', 'Masculino', 58, '6165616184', 2, NULL), (865, 'Harlen McGrail', 'Masculino', 60, '8974543403', 25, NULL), (866, 'Tera Hallatt', 'Femenino', 63, '6353132314', 26, NULL), (867, 'Gwendolen Monard', 'Femenino', 56, '9445378328', 4, NULL), (868, 'Shae Salzberger', 'Femenino', 19, '4188871086', 44, NULL), (869, 'Fidelio Ternault', 'Masculino', 33, '5159038536', 2, NULL), (870, 'Adah Denk', 'Femenino', 36, '4642532687', 30, NULL), (871, 'Boote Skpsey', 'Masculino', 33, '1481210598', 16, NULL), (872, 'Patti Jennison', 'Femenino', 51, '8801936391', 22, NULL), (873, 'Layne Clayson', 'Femenino', 46, '5264966809', 36, NULL), (874, 'Boyd Firebrace', 'Masculino', 18, '3304674458', 14, NULL), (875, 'Guenevere Maudlen', 'Femenino', 19, '6909503907', 17, NULL), (876, 'Forrest Crain', 'Masculino', 34, '4497115961', 22, NULL), (877, 'Cristobal Turbern', 'Masculino', 26, '1019011560', 5, NULL), (878, 'Tully Wybourne', 'Masculino', 26, '5639531078', 16, NULL), (879, 'Carmine Delort', 'Femenino', 43, '5151776074', 22, NULL), (880, 'Reinald Hehnke', 'Masculino', 47, '8125485453', 31, NULL), (881, 'Carolann Quinnette', 'Femenino', 63, '6081680247', 28, NULL), (882, 'Justis Lamperd', 'Masculino', 44, '8487031574', 13, NULL), (883, 'Godfry Hardy-Piggin', 'Masculino', 57, '9675054898', 48, NULL), (884, 'Livvie Elvins', 'Femenino', 21, '4809890785', 16, NULL), (885, 'Angelle Bartczak', 'Femenino', 73, '8713886612', 37, NULL), (886, 'Rosaline Hardwidge', 'Femenino', 49, '6122907555', 9, NULL), (887, 'Wilburt World', 'Masculino', 52, '3154863248', 37, NULL), (888, 'Vernon Burton', 'Masculino', 21, '9269993773', 16, NULL), (889, 'Kincaid Muddicliffe', 'Masculino', 31, '1847576259', 31, NULL), (890, 'Dom Gavozzi', 'Masculino', 38, '4167127802', 46, NULL), (891, 'Dodi Konmann', 'Femenino', 69, '1877438962', 15, NULL), (892, 'Karney Briance', 'Masculino', 19, '5668410344', 11, NULL), (893, 'Ammamaria Rops', 'Femenino', 59, '4604229565', 43, NULL), (894, 'Maurits Hoggetts', 'Masculino', 70, '9546321938', 42, NULL), (895, 'Gillan Gabb', 'Femenino', 63, '1827482676', 15, NULL), (896, 'Fredia Gianolo', 'Femenino', 34, '8789346943', 20, NULL), (897, 'Gennifer McGaughie', 'Femenino', 61, '3119517250', 14, NULL), (898, 'Cheslie Blanche', 'Femenino', 30, '1615232286', 11, NULL), (899, 'North Westfield', 'Masculino', 22, '8306827923', 4, NULL), (900, 'Krishna St. Pierre', 'Masculino', 72, '5027629320', 26, NULL), (901, 'Gerome Guilloton', 'Masculino', 29, '6047152291', 34, NULL), (902, 'Basil Rendbaek', 'Masculino', 38, '2232194914', 25, NULL), (903, 'Zarla Miell', 'Femenino', 70, '8321677181', 18, NULL), (904, 'Electra Fishburn', 'Femenino', 60, '5344283041', 41, NULL), (905, 'Keefer Archdeckne', 'Masculino', 71, '5591602925', 44, NULL), (906, 'Alys Lethem', 'Femenino', 58, '3721905009', 15, NULL), (907, 'Jefferey Breach', 'Masculino', 50, '6311712761', 37, NULL), (908, 'Lorelei Dinley', 'Femenino', 52, '3697775775', 2, NULL), (909, 'Felice Skynner', 'Masculino', 67, '7944152232', 10, NULL), (910, 'Jeromy Ghent', 'Masculino', 71, '7166354101', 8, NULL), (911, 'Pascal Farryan', 'Masculino', 62, '8151787234', 18, NULL), (912, 'Valerye Pepler', 'Femenino', 56, '2632744215', 13, NULL), (913, 'Corissa Ickovici', 'Femenino', 21, '7095485747', 27, NULL), (914, 'Mavis Huglin', 'Femenino', 68, '2079122453', 13, NULL), (915, 'Lay Chadbourne', 'Masculino', 37, '2812401844', 46, NULL), (916, 'Benyamin Currie', 'Masculino', 50, '2485035889', 27, NULL), (917, 'Ezequiel Bosanko', 'Masculino', 18, '3014982991', 1, NULL), (918, 'Darlleen Scramage', 'Femenino', 75, '1666775129', 49, NULL), (919, 'Emlyn Rabbitt', 'Femenino', 70, '1561462124', 35, NULL), (920, 'Kirstin Blagden', 'Femenino', 55, '4827226165', 1, NULL), (921, 'Hattie Mabbot', 'Femenino', 54, '9411324386', 17, NULL), (922, 'Ugo Quarmby', 'Masculino', 18, '5235631919', 23, NULL), (923, 'Hortensia Burgan', 'Femenino', 56, '3469562199', 32, NULL), (924, 'Ford Bloxam', 'Masculino', 52, '1843694924', 45, NULL), (925, 'Donall Trimbey', 'Masculino', 27, '8683291380', 37, NULL), (926, 'Bettine McCobb', 'Femenino', 56, '8492680159', 15, NULL), (927, 'Florry Claw', 'Femenino', 19, '2205563001', 37, NULL), (928, 'Graeme Roark', 'Masculino', 34, '9402225342', 50, NULL), (929, 'Carlota Charlton', 'Femenino', 64, '7283567711', 8, NULL), (930, 'Benedick Corington', 'Masculino', 73, '8597536613', 46, NULL), (931, 'Tristam Dyter', 'Masculino', 55, '4047690996', 9, NULL), (932, 'Milly Weatherell', 'Femenino', 47, '4317447869', 27, NULL), (933, 'Teodor Timbrell', 'Masculino', 43, '7212377445', 16, NULL), (934, 'Demetria Folomkin', 'Femenino', 22, '6784870634', 46, NULL), (935, 'Frans Sandeson', 'Masculino', 57, '3853748856', 19, NULL), (936, 'Stacee Everex', 'Femenino', 18, '1986987326', 43, NULL), (937, 'Phelia Paish', 'Femenino', 56, '3334895774', 47, NULL), (938, 'Fan Jansey', 'Femenino', 27, '6972972357', 30, NULL), (939, 'Lacie Spitaro', 'Femenino', 23, '5299272684', 12, NULL), (940, 'Hamid Cheetham', 'Masculino', 41, '5337381658', 32, NULL), (941, 'Boris Gaskin', 'Masculino', 20, '4655400170', 11, NULL), (942, 'Siouxie Sudron', 'Femenino', 68, '9508138273', 21, NULL), (943, 'Alena Prestedge', 'Femenino', 36, '6623923922', 8, NULL), (944, 'Elita Lenihan', 'Femenino', 32, '1273625497', 18, NULL), (945, 'Cassaundra Reicharz', 'Femenino', 27, '6789689407', 25, NULL), (946, 'Cinderella McClintock', 'Femenino', 36, '8127252914', 10, NULL), (947, 'Quentin Agronski', 'Masculino', 51, '6012476164', 16, NULL), (948, 'Ivory Lagen', 'Femenino', 30, '3229299877', 4, NULL), (949, 'Whitney Bedburrow', 'Femenino', 48, '9737255974', 47, NULL), (950, 'Gabrila Hayle', 'Femenino', 40, '7122368980', 3, NULL), (951, 'Axel Allom', 'Masculino', 30, '7896756870', 32, NULL), (952, 'Caddric Kisbey', 'Masculino', 18, '2681766426', 46, NULL), (953, 'Abbe Rawlingson', 'Femenino', 19, '3161056631', 33, NULL), (954, 'Modesta Mapledorum', 'Femenino', 25, '1605793663', 31, NULL), (955, 'Ozzy Trethowan', 'Masculino', 32, '1362982678', 45, NULL), (956, 'Rainer Delgadillo', 'Masculino', 52, '5466937281', 37, NULL), (957, 'Taite Campo', 'Masculino', 65, '7842151791', 16, NULL), (958, 'Willa Bladesmith', 'Femenino', 38, '6095398341', 8, NULL), (959, 'Sarine Petican', 'Femenino', 40, '7648257121', 7, NULL), (960, 'Timmy Fleet', 'Femenino', 65, '8036950099', 24, NULL), (961, 'Wells Graben', 'Masculino', 60, '3831155255', 1, NULL), (962, 'Genna Piddlehinton', 'Femenino', 54, '1409739772', 50, NULL), (963, 'Rahel Helbeck', 'Femenino', 55, '5402869124', 4, NULL), (964, 'Gerome Bail', 'Masculino', 44, '4319639637', 45, NULL), (965, 'Guthry Cuddehay', 'Masculino', 69, '8395635199', 5, NULL), (966, 'Bari Sherar', 'Femenino', 48, '4256130977', 40, NULL), (967, 'Ezekiel Ireson', 'Masculino', 64, '6766278905', 19, NULL), (968, 'Barb Cortes', 'Femenino', 35, '9618284669', 44, NULL), (969, 'Juliet Senter', 'Femenino', 58, '3862709549', 42, NULL), (970, 'Billi Winchcombe', 'Femenino', 53, '5009332946', 26, NULL), (971, 'Curt Dulanty', 'Masculino', 32, '4226873384', 42, NULL), (972, 'Karel Keeping', 'Femenino', 27, '9149079949', 11, NULL), (973, 'Carlo Surmeir', 'Masculino', 24, '7262964504', 7, NULL), (974, 'Lawrence Cawt', 'Masculino', 51, '4009248130', 10, NULL), (975, 'Jobina Burgon', 'Femenino', 48, '7657151082', 37, NULL), (976, 'Mehetabel Leftridge', 'Femenino', 71, '5225927444', 2, NULL), (977, 'Fee Christensen', 'Masculino', 34, '1142046519', 48, NULL), (978, 'Lindsey Petchell', 'Masculino', 60, '9258421451', 1, NULL), (979, 'Lindy Lesslie', 'Femenino', 54, '8402015250', 32, NULL), (980, 'Gretna De Bernardis', 'Femenino', 22, '9804084054', 35, NULL), (981, 'Sibel Vail', 'Femenino', 40, '7508212619', 34, NULL), (982, 'Felecia Rein', 'Femenino', 29, '9605255511', 8, NULL), (983, 'Ulrica Pakes', 'Femenino', 37, '2638236587', 24, NULL), (984, 'Quinta Blenkinsopp', 'Femenino', 49, '8654346237', 2, NULL), (985, 'Tracey Damrel', 'Femenino', 40, '9057821605', 42, NULL), (986, 'Sanderson Petry', 'Masculino', 20, '6409594799', 16, NULL), (987, 'Lewie Philpots', 'Masculino', 65, '4463972364', 35, NULL), (988, 'Talbert Tettley', 'Masculino', 48, '2996860684', 29, NULL), (989, 'Doloritas Bevan', 'Femenino', 32, '1759411394', 4, NULL), (990, 'Cordell Yateman', 'Masculino', 52, '6578715756', 42, NULL), (991, 'Brinn Paxman', 'Femenino', 65, '5445091400', 2, NULL), (992, 'Christos Palser', 'Masculino', 66, '7014968963', 32, NULL), (993, 'Barbey Pond-Jones', 'Femenino', 37, '2034859009', 23, NULL), (994, 'Charlene Simms', 'Femenino', 74, '5601401887', 48, NULL), (995, 'Barton Daynter', 'Masculino', 38, '3764792313', 3, NULL), (996, 'Irving Lamblot', 'Masculino', 33, '4069398017', 40, NULL), (997, 'Marthena Lamswood', 'Femenino', 53, '6414635038', 37, NULL), (998, 'Constance Jelf', 'Femenino', 21, '4023903065', 6, NULL), (999, 'Marian Veeler', 'Femenino', 48, '3279537733', 7, NULL), (1000, 'Regine Crown', 'Femenino', 72, '8758570913', 40, NULL);



INSERT INTO persona VALUES (1001, 'Sophey Wallbank', 'Femenino', 68, '1049303518', 47, NULL), (1002, 'Marilin Seedman', 'Femenino', 39, '4682220200', 48, NULL), (1003, 'Alec Acedo', 'Masculino', 53, '8214104683', 27, NULL), (1004, 'Viva Yanukhin', 'Femenino', 35, '8859034037', 1, NULL), (1005, 'Diann Andor', 'Femenino', 65, '3944981612', 41, NULL), (1006, 'Ramsey Reihill', 'Masculino', 75, '1529643637', 22, NULL), (1007, 'Con Merigeau', 'Femenino', 26, '4158525028', 5, NULL), (1008, 'Lucila Skyrme', 'Femenino', 65, '5349303207', 29, NULL), (1009, 'Carling McDougle', 'Masculino', 48, '1598645827', 33, NULL), (1010, 'Jammal Pollard', 'Masculino', 62, '6043487855', 5, NULL), (1011, 'Joe Lenin', 'Masculino', 60, '4389535192', 17, NULL), (1012, 'Glenna Tappin', 'Femenino', 33, '3165264419', 15, NULL), (1013, 'Danell Canete', 'Femenino', 41, '2675716760', 20, NULL), (1014, 'Puff Biddle', 'Masculino', 42, '4197376823', 16, NULL), (1015, 'Roxane Neem', 'Femenino', 40, '7533876322', 13, NULL), (1016, 'Aveline Worboy', 'Femenino', 23, '2376363205', 22, NULL), (1017, 'Agatha McNeish', 'Femenino', 19, '3585942281', 2, NULL), (1018, 'Willdon Kohlert', 'Masculino', 63, '3011777798', 37, NULL), (1019, 'Palmer Powdrell', 'Masculino', 46, '7841175367', 23, NULL), (1020, 'Ora Pietrowski', 'Femenino', 23, '6287074618', 34, NULL), (1021, 'Ward Swiffan', 'Masculino', 46, '4079677081', 1, NULL), (1022, 'Hewett Green', 'Masculino', 35, '2696651139', 27, NULL), (1023, 'Sarine Gough', 'Femenino', 60, '2628928031', 34, NULL), (1024, 'Patrice Garms', 'Masculino', 24, '6386035602', 19, NULL), (1025, 'Cindelyn Brouncker', 'Femenino', 73, '5866493453', 30, NULL), (1026, 'Sully Farrens', 'Masculino', 20, '3629886771', 31, NULL), (1027, 'Isabelita Havard', 'Femenino', 30, '6284778427', 44, NULL), (1028, 'Cate Veness', 'Femenino', 49, '4941769553', 36, NULL), (1029, 'Onofredo Hamblin', 'Masculino', 31, '5182510370', 39, NULL), (1030, 'Emelia Tulip', 'Femenino', 42, '2232871906', 41, NULL), (1031, 'Harvey Center', 'Masculino', 54, '7671647357', 50, NULL), (1032, 'Rozanne Flanigan', 'Femenino', 30, '9252893136', 33, NULL), (1033, 'Allister Rendle', 'Masculino', 24, '8334286243', 7, NULL), (1034, 'Tabitha Sugg', 'Femenino', 59, '9157997026', 46, NULL), (1035, 'Robb Iston', 'Masculino', 63, '9564860747', 50, NULL), (1036, 'Sunshine Paling', 'Femenino', 66, '4384048848', 42, NULL), (1037, 'Noreen Drew', 'Femenino', 62, '2865299353', 19, NULL), (1038, 'Ailsun Camies', 'Femenino', 41, '9459009795', 17, NULL), (1039, 'Gert Lammerich', 'Femenino', 36, '9356439435', 17, NULL), (1040, 'Omar Dranfield', 'Masculino', 72, '3753970395', 32, NULL), (1041, 'Harv Brunini', 'Masculino', 23, '4151707991', 42, NULL), (1042, 'Joann Muehle', 'Femenino', 20, '3304083308', 20, NULL), (1043, 'Bambi Barrasse', 'Femenino', 75, '2603922235', 19, NULL), (1044, 'Belia Davidove', 'Femenino', 42, '6259704796', 40, NULL), (1045, 'Walliw Jans', 'Femenino', 24, '9072876381', 10, NULL), (1046, 'Cointon Redwing', 'Masculino', 46, '6233010662', 48, NULL), (1047, 'Minnie Gurery', 'Femenino', 70, '2631669103', 15, NULL), (1048, 'Gregor Mullan', 'Masculino', 55, '7944019157', 36, NULL), (1049, 'Melicent Rabidge', 'Femenino', 34, '1797687285', 49, NULL), (1050, 'Karla Stuffins', 'Femenino', 32, '2375988577', 24, NULL), (1051, 'Hali Menary', 'Femenino', 22, '2661341972', 19, NULL), (1052, 'Ludwig Shulver', 'Masculino', 62, '2326311855', 15, NULL), (1053, 'Elnore Meeks', 'Femenino', 57, '9436344601', 50, NULL), (1054, 'Kirstyn O''Grada', 'Femenino', 40, '9046448404', 37, NULL), (1055, 'Emanuele Self', 'Masculino', 64, '5562390043', 10, NULL), (1056, 'Brandy Danielski', 'Femenino', 30, '3463950063', 14, NULL), (1057, 'Lari Antonoczyk', 'Femenino', 67, '5008378731', 4, NULL), (1058, 'Roseline Karchowski', 'Femenino', 41, '2262288207', 43, NULL), (1059, 'Alfonso Lenney', 'Masculino', 32, '1603221044', 7, NULL), (1060, 'Gayelord Sarton', 'Masculino', 50, '8064774962', 46, NULL), (1061, 'Nancee Errey', 'Femenino', 73, '9152389031', 33, NULL), (1062, 'Manuel Peterken', 'Masculino', 41, '2317874868', 9, NULL), (1063, 'Angelita Broadberry', 'Femenino', 64, '8486675348', 12, NULL), (1064, 'Calli Vaune', 'Femenino', 71, '5366358975', 19, NULL), (1065, 'Jeanette Loyndon', 'Femenino', 24, '4677856512', 39, NULL), (1066, 'Tonye Driffill', 'Femenino', 36, '4214864924', 42, NULL), (1067, 'Ludovika Tofanelli', 'Femenino', 31, '8057336372', 46, NULL), (1068, 'Jody Fogel', 'Masculino', 23, '5868069833', 13, NULL), (1069, 'Christiano Tillerton', 'Masculino', 64, '1602982137', 45, NULL), (1070, 'Sherri Cochet', 'Femenino', 21, '9483260943', 17, NULL), (1071, 'Trenna Brayfield', 'Femenino', 54, '6804922970', 49, NULL), (1072, 'Ruben Kepe', 'Masculino', 71, '2606061911', 24, NULL), (1073, 'Bobbee Crenage', 'Femenino', 73, '3288368892', 7, NULL), (1074, 'Rolland Bridger', 'Masculino', 68, '9612678604', 1, NULL), (1075, 'Redford Errol', 'Masculino', 54, '2204853253', 15, NULL), (1076, 'Sharron Shervil', 'Femenino', 65, '8428293515', 20, NULL), (1077, 'Berton Mulcaster', 'Masculino', 55, '8753865570', 21, NULL), (1078, 'Devlin Palfrie', 'Masculino', 43, '4608342284', 47, NULL), (1079, 'Torre Lillistone', 'Masculino', 19, '8743803398', 2, NULL), (1080, 'Bord Matura', 'Masculino', 27, '4789193311', 25, NULL), (1081, 'Netta Kestell', 'Femenino', 66, '6122557207', 30, NULL), (1082, 'Colette Jelks', 'Femenino', 45, '5448934433', 31, NULL), (1083, 'Ambrosius Fealy', 'Masculino', 20, '2154484128', 30, NULL), (1084, 'Neils Pontefract', 'Masculino', 29, '7482856798', 23, NULL), (1085, 'Timi Rickword', 'Femenino', 73, '1868928650', 7, NULL), (1086, 'Pepita Mandre', 'Femenino', 52, '6634625665', 46, NULL), (1087, 'Marisa McEvon', 'Femenino', 47, '9446697794', 45, NULL), (1088, 'Adara Medway', 'Femenino', 74, '7316376380', 9, NULL), (1089, 'Skipton Trustie', 'Masculino', 20, '6422819612', 11, NULL), (1090, 'Ediva Puzey', 'Femenino', 67, '8955654985', 21, NULL), (1091, 'Maxine Eacle', 'Femenino', 60, '3023670628', 28, NULL), (1092, 'Garwood Schwand', 'Masculino', 74, '5078169172', 44, NULL), (1093, 'Dwight Slowley', 'Masculino', 71, '5819850643', 45, NULL), (1094, 'Farlie Potes', 'Masculino', 25, '6422867223', 34, NULL), (1095, 'Mona Managh', 'Femenino', 45, '9446226642', 33, NULL), (1096, 'Dorisa Pocock', 'Femenino', 31, '7577250321', 44, NULL), (1097, 'Franky Iannuzzelli', 'Femenino', 73, '8185746547', 21, NULL), (1098, 'Dorthea Bourchier', 'Femenino', 46, '4511696688', 42, NULL), (1099, 'Carter Oglesbee', 'Masculino', 26, '6164455563', 15, NULL), (1100, 'Warde Donaway', 'Masculino', 40, '1135023354', 33, NULL), (1101, 'Cory Mundow', 'Masculino', 58, '5079527475', 48, NULL), (1102, 'Marlane Mulcaster', 'Femenino', 33, '4706332473', 3, NULL), (1103, 'Amargo Rambaut', 'Femenino', 70, '3883542751', 2, NULL), (1104, 'Booth Giacaponi', 'Masculino', 40, '2149235122', 50, NULL), (1105, 'Felicia Abberley', 'Femenino', 47, '5023396306', 7, NULL), (1106, 'Zelma Beamiss', 'Femenino', 34, '9189432968', 47, NULL), (1107, 'Archibold Ellinor', 'Masculino', 32, '6768918388', 30, NULL), (1108, 'Gerianne Clemits', 'Femenino', 21, '5279819256', 9, NULL), (1109, 'Puff Deevey', 'Masculino', 20, '4894215374', 26, NULL), (1110, 'Cherise Jordanson', 'Femenino', 66, '7688076730', 45, NULL), (1111, 'Jillian Bruntjen', 'Femenino', 48, '5879877832', 45, NULL), (1112, 'Starr Mandrake', 'Femenino', 35, '1574618779', 6, NULL), (1113, 'Claudine Dionis', 'Femenino', 70, '5335068184', 45, NULL), (1114, 'Cassius Varley', 'Masculino', 20, '4517221447', 32, NULL), (1115, 'Phaidra O''Neary', 'Femenino', 54, '9107687063', 33, NULL), (1116, 'Ban Camelia', 'Masculino', 51, '5733363582', 28, NULL), (1117, 'Flor Matsell', 'Femenino', 30, '9139164809', 37, NULL), (1118, 'Lucina Levecque', 'Femenino', 60, '5721816739', 36, NULL), (1119, 'Honoria Bertolaccini', 'Femenino', 43, '4955387094', 32, NULL), (1120, 'Vonny Ledingham', 'Femenino', 58, '1329977474', 18, NULL), (1121, 'Fergus MacGall', 'Masculino', 50, '5859044639', 12, NULL), (1122, 'Daniella Squires', 'Femenino', 48, '3676389466', 28, NULL), (1123, 'Ogdan Hrihorovich', 'Masculino', 41, '9045332621', 45, NULL), (1124, 'Lira Nilles', 'Femenino', 58, '6527244090', 30, NULL), (1125, 'Jacob Shadrach', 'Masculino', 59, '1639464043', 25, NULL), (1126, 'Doug Gilvary', 'Masculino', 68, '4664425742', 38, NULL), (1127, 'Silvano Coultar', 'Masculino', 44, '6005462317', 32, NULL), (1128, 'Gabbi Redihalgh', 'Femenino', 63, '2161173141', 50, NULL), (1129, 'Shawn Martinat', 'Femenino', 51, '1976178755', 29, NULL), (1130, 'Lissa Kofax', 'Femenino', 24, '3062311697', 45, NULL), (1131, 'Maisey Crowcroft', 'Femenino', 57, '3899087008', 33, NULL), (1132, 'Rodd Hasluck', 'Masculino', 59, '6635197247', 19, NULL), (1133, 'Gibbie Le Maitre', 'Masculino', 26, '5448698285', 14, NULL), (1134, 'Pip McIlvaney', 'Masculino', 59, '5328317338', 11, NULL), (1135, 'Lurette Cauldfield', 'Femenino', 19, '6054144581', 39, NULL), (1136, 'Micah Dunmore', 'Masculino', 48, '1018977436', 40, NULL), (1137, 'Daphna Bigland', 'Femenino', 35, '5252793511', 50, NULL), (1138, 'Lizzy Jirusek', 'Femenino', 75, '3151151701', 30, NULL), (1139, 'Mill Crosgrove', 'Masculino', 27, '1546845510', 40, NULL), (1140, 'Marylou De Few', 'Femenino', 53, '2089024810', 43, NULL), (1141, 'Carlyn Mafham', 'Femenino', 69, '7334106872', 38, NULL), (1142, 'Eydie Garley', 'Femenino', 70, '9427927552', 21, NULL), (1143, 'Leonelle St. Queintain', 'Femenino', 26, '6996496092', 23, NULL), (1144, 'Lorilyn Muschette', 'Femenino', 37, '3972501401', 1, NULL), (1145, 'Norris Shane', 'Masculino', 32, '3689023280', 42, NULL), (1146, 'Alyda Millimoe', 'Femenino', 69, '6478727320', 47, NULL), (1147, 'Sandie Branscomb', 'Femenino', 68, '2733020889', 47, NULL), (1148, 'Stanly Vasiltsov', 'Masculino', 66, '2102156625', 2, NULL), (1149, 'Rouvin O''Luney', 'Masculino', 44, '5025194043', 1, NULL), (1150, 'Ripley MacAscaidh', 'Masculino', 35, '8264939883', 1, NULL), (1151, 'Kristel Cullabine', 'Femenino', 75, '9015485545', 10, NULL), (1152, 'Ginger McPeeters', 'Femenino', 62, '7205780630', 21, NULL), (1153, 'Michail Dow', 'Masculino', 59, '7813231434', 42, NULL), (1154, 'Merwyn Hartrick', 'Masculino', 22, '2074138430', 33, NULL), (1155, 'Morgen Bickardike', 'Masculino', 46, '6343659652', 47, NULL), (1156, 'Derrik Riddall', 'Masculino', 59, '1399497684', 17, NULL), (1157, 'Jobie O''Leagham', 'Femenino', 24, '7739536703', 40, NULL), (1158, 'Maribeth Gocher', 'Femenino', 44, '8755717069', 48, NULL), (1159, 'Amara Lonergan', 'Femenino', 28, '4573167992', 36, NULL), (1160, 'Cord Lynskey', 'Masculino', 26, '6454723586', 35, NULL), (1161, 'Lawrence Gleder', 'Masculino', 56, '1628086908', 40, NULL), (1162, 'Robinett Renahan', 'Femenino', 19, '9498652793', 42, NULL), (1163, 'Sherlocke Ellph', 'Masculino', 20, '6212144765', 31, NULL), (1164, 'Ashleigh Houldin', 'Femenino', 37, '8781489461', 41, NULL), (1165, 'Walsh Ameer-Beg', 'Masculino', 40, '7317491858', 20, NULL), (1166, 'Michaela Holwell', 'Femenino', 45, '1378808443', 7, NULL), (1167, 'Joellen Geldert', 'Femenino', 72, '7743285508', 42, NULL), (1168, 'Gypsy Sarah', 'Femenino', 61, '3215893934', 7, NULL), (1169, 'Randa Pesic', 'Femenino', 73, '1327192245', 31, NULL), (1170, 'Carin Cottie', 'Femenino', 33, '1012815538', 10, NULL), (1171, 'Adrian Hovert', 'Femenino', 65, '8515278829', 40, NULL), (1172, 'Casar Godain', 'Masculino', 26, '5632863503', 12, NULL), (1173, 'Robin Swatheridge', 'Masculino', 57, '7115966618', 12, NULL), (1174, 'Marissa Earey', 'Femenino', 38, '1059678685', 38, NULL), (1175, 'Aylmar Fulcher', 'Masculino', 18, '6107677310', 28, NULL), (1176, 'Bernardine Postans', 'Femenino', 37, '1312579088', 39, NULL), (1177, 'Cammy Bowman', 'Masculino', 55, '5637591874', 20, NULL), (1178, 'Auria Zukerman', 'Femenino', 18, '6924161437', 32, NULL), (1179, 'Patton Yakunchikov', 'Masculino', 70, '8123012166', 24, NULL), (1180, 'Ferne Munn', 'Femenino', 50, '8787310103', 38, NULL), (1181, 'Massimo Keoghan', 'Masculino', 42, '9818911325', 14, NULL), (1182, 'Cyndi Grono', 'Femenino', 47, '2078010998', 28, NULL), (1183, 'Alard Stellino', 'Masculino', 61, '7162820950', 21, NULL), (1184, 'Alfy Rymill', 'Femenino', 72, '5236526068', 19, NULL), (1185, 'Allyson Bembrigg', 'Femenino', 29, '3056573933', 20, NULL), (1186, 'Calhoun Iozefovich', 'Masculino', 47, '6439964654', 24, NULL), (1187, 'Costa Maven', 'Masculino', 68, '8802760396', 29, NULL), (1188, 'Zorana Merrilees', 'Femenino', 23, '5418626200', 7, NULL), (1189, 'Ody Aires', 'Masculino', 54, '2355947371', 49, NULL), (1190, 'Joyan McNeillie', 'Femenino', 18, '8793449506', 21, NULL), (1191, 'Chloette Swain', 'Femenino', 55, '1459342990', 4, NULL), (1192, 'Noland Ternent', 'Masculino', 71, '4517294845', 32, NULL), (1193, 'Lilla Kopman', 'Femenino', 50, '3314991891', 40, NULL), (1194, 'Melony Keelin', 'Femenino', 71, '8722766532', 48, NULL), (1195, 'Jehu Whilder', 'Masculino', 25, '4408809228', 49, NULL), (1196, 'Avigdor Farland', 'Masculino', 46, '9828162216', 28, NULL), (1197, 'Theodoric Kilmartin', 'Masculino', 51, '9996757937', 48, NULL), (1198, 'Brenden Sieb', 'Masculino', 75, '5188454594', 38, NULL), (1199, 'Harlie Honnicott', 'Femenino', 67, '6766451044', 48, NULL), (1200, 'Brigida Iceton', 'Femenino', 71, '1541114067', 5, NULL), (1201, 'Rina O''Brallaghan', 'Femenino', 52, '4569501403', 42, NULL), (1202, 'Larina Edmed', 'Femenino', 36, '2195673016', 20, NULL), (1203, 'Sheffy Raft', 'Masculino', 28, '5952767817', 14, NULL), (1204, 'Jeni Sawell', 'Femenino', 30, '4689958195', 16, NULL), (1205, 'Ronna Kenney', 'Femenino', 39, '9681080941', 8, NULL), (1206, 'Saree Itshak', 'Femenino', 56, '3531677882', 46, NULL), (1207, 'Rochette Ruggiero', 'Femenino', 22, '9377728177', 32, NULL), (1208, 'Clarie Furness', 'Femenino', 36, '7083117676', 13, NULL), (1209, 'Salvatore Cottier', 'Masculino', 49, '4512495661', 8, NULL), (1210, 'Chrisy Olanda', 'Masculino', 35, '8431965204', 50, NULL), (1211, 'Guglielmo Galle', 'Masculino', 69, '6764585054', 37, NULL), (1212, 'Rik Maltby', 'Masculino', 61, '5553907496', 39, NULL), (1213, 'Kellby Inchboard', 'Masculino', 61, '6424239485', 42, NULL), (1214, 'Bernete Pirozzi', 'Femenino', 19, '5364931927', 50, NULL), (1215, 'Aundrea Soldner', 'Femenino', 23, '9887566115', 28, NULL), (1216, 'Cynthy Fleetham', 'Femenino', 31, '5706297985', 4, NULL), (1217, 'Tibold Lownds', 'Masculino', 29, '1247567500', 25, NULL), (1218, 'Cazzie Killingworth', 'Masculino', 39, '9585079800', 21, NULL), (1219, 'Nial Parminter', 'Masculino', 61, '7178106771', 29, NULL), (1220, 'Hendrika Duchart', 'Femenino', 27, '6069710492', 21, NULL), (1221, 'Andrus Castellan', 'Masculino', 34, '3243661811', 35, NULL), (1222, 'Joyce Rollings', 'Femenino', 30, '2121124407', 35, NULL), (1223, 'Karisa Guwer', 'Femenino', 21, '8175873854', 39, NULL), (1224, 'Zonnya Bruntje', 'Femenino', 39, '3314857568', 6, NULL), (1225, 'Garret Andreasson', 'Masculino', 49, '6274671882', 47, NULL), (1226, 'Massimo Walters', 'Masculino', 59, '3068473919', 43, NULL), (1227, 'Andrea Yeowell', 'Masculino', 73, '2446458725', 49, NULL), (1228, 'Ansell Sydes', 'Masculino', 50, '4094387444', 2, NULL), (1229, 'Drucy Brunel', 'Femenino', 70, '7437299468', 39, NULL), (1230, 'Hamid Bedbury', 'Masculino', 45, '3582080566', 46, NULL), (1231, 'Irv Lymbourne', 'Masculino', 65, '5399630815', 35, NULL), (1232, 'Romonda McAster', 'Femenino', 22, '8389291480', 5, NULL), (1233, 'Thorn Oley', 'Masculino', 26, '4684760347', 15, NULL), (1234, 'Elwira Smallpeace', 'Femenino', 22, '2639007645', 16, NULL), (1235, 'Jermain Slaymaker', 'Masculino', 37, '2413756070', 31, NULL), (1236, 'Catina Kamena', 'Femenino', 27, '1265737252', 50, NULL), (1237, 'Winny Mattiello', 'Masculino', 71, '1619646691', 7, NULL), (1238, 'Denney Redit', 'Masculino', 58, '4983624875', 23, NULL), (1239, 'Chastity Hector', 'Femenino', 50, '5638082168', 29, NULL), (1240, 'Joscelin Bickersteth', 'Femenino', 70, '4909881001', 42, NULL), (1241, 'Kelli Towle', 'Femenino', 23, '7017168014', 38, NULL), (1242, 'Lou Gonsalvez', 'Masculino', 31, '8256558066', 45, NULL), (1243, 'Elva Sante', 'Femenino', 60, '7539991063', 9, NULL), (1244, 'Karon Fist', 'Femenino', 62, '6991538551', 49, NULL), (1245, 'Michel Zammett', 'Masculino', 49, '3239462136', 48, NULL), (1246, 'Ceil Mcmanaman', 'Femenino', 75, '3379954094', 9, NULL), (1247, 'Mariam Di Boldi', 'Femenino', 64, '9975485077', 21, NULL), (1248, 'Sula Zanelli', 'Femenino', 74, '8637710416', 14, NULL), (1249, 'Upton Gowenlock', 'Masculino', 38, '5828644092', 24, NULL), (1250, 'Fabiano Bindley', 'Masculino', 66, '1445406100', 17, NULL), (1251, 'Pierette Tomaello', 'Femenino', 41, '5585308411', 14, NULL), (1252, 'Richy Seer', 'Masculino', 28, '6448320739', 12, NULL), (1253, 'Nixie Poltun', 'Femenino', 41, '5952232320', 33, NULL), (1254, 'Cam Domingues', 'Masculino', 53, '9278827220', 32, NULL), (1255, 'Miquela Kohrs', 'Femenino', 49, '2029970747', 25, NULL), (1256, 'Haven Wathell', 'Masculino', 45, '7597241508', 21, NULL), (1257, 'Billy Yannoni', 'Masculino', 27, '3209634253', 13, NULL), (1258, 'Hasheem MacMorland', 'Masculino', 57, '3814735641', 43, NULL), (1259, 'Finlay Ziemen', 'Masculino', 38, '9427298296', 17, NULL), (1260, 'Pru Gabits', 'Femenino', 22, '7892061930', 3, NULL), (1261, 'Shem Wellfare', 'Masculino', 73, '6858843752', 8, NULL), (1262, 'Aura Skillanders', 'Femenino', 42, '8674359518', 11, NULL), (1263, 'Elwyn McPhilip', 'Masculino', 31, '5744600089', 30, NULL), (1264, 'Merrilee Grishankov', 'Femenino', 62, '7921839415', 28, NULL), (1265, 'Aloise Bocken', 'Femenino', 51, '4272277633', 40, NULL), (1266, 'Modestia Chasmoor', 'Femenino', 63, '5938445208', 48, NULL), (1267, 'Mirabelle Elijahu', 'Femenino', 61, '5616377556', 36, NULL), (1268, 'Pauli Reek', 'Femenino', 30, '2193085447', 9, NULL), (1269, 'Marysa Gerrad', 'Femenino', 43, '3933004912', 2, NULL), (1270, 'Midge Norvel', 'Femenino', 61, '7133184951', 48, NULL), (1271, 'Ford Ilyas', 'Masculino', 20, '7597816064', 26, NULL), (1272, 'Allys Coot', 'Femenino', 24, '6762147770', 20, NULL), (1273, 'Claiborne Tarbox', 'Masculino', 23, '2243770845', 15, NULL), (1274, 'Lalo Coats', 'Masculino', 73, '2246530241', 24, NULL), (1275, 'Rene Snaddin', 'Masculino', 32, '9745849415', 38, NULL), (1276, 'Thekla Bellerby', 'Femenino', 25, '1373192235', 10, NULL), (1277, 'Jaquelin Airy', 'Femenino', 46, '5064444427', 26, NULL), (1278, 'Salomi Keiling', 'Femenino', 71, '2724041995', 8, NULL), (1279, 'Charlotte McEnhill', 'Femenino', 69, '4819548129', 2, NULL), (1280, 'Stephannie Cowlas', 'Femenino', 67, '2471203788', 41, NULL), (1281, 'Pamelina Whisby', 'Femenino', 26, '5613721497', 15, NULL), (1282, 'Marjie Glassford', 'Femenino', 52, '3332865059', 20, NULL), (1283, 'Joelly Kellar', 'Femenino', 66, '2876653445', 13, NULL), (1284, 'Jessey Ramsier', 'Masculino', 71, '5305050904', 17, NULL), (1285, 'Gwendolen Croxall', 'Femenino', 28, '6733509154', 28, NULL), (1286, 'Onida Oldrey', 'Femenino', 19, '7894554846', 13, NULL), (1287, 'Darbie Baggot', 'Femenino', 18, '1711799038', 42, NULL), (1288, 'Celestina McGhee', 'Femenino', 50, '8504520879', 45, NULL), (1289, 'Laverna Broadbent', 'Femenino', 50, '3313473242', 32, NULL), (1290, 'Bryan Girodin', 'Masculino', 46, '5607403449', 17, NULL), (1291, 'Winnie Janny', 'Masculino', 59, '9386215704', 1, NULL), (1292, 'Constance Sparsholt', 'Femenino', 69, '1875986757', 33, NULL), (1293, 'Olivero Egger', 'Masculino', 40, '6801624391', 16, NULL), (1294, 'Darya Schaumaker', 'Femenino', 67, '7465318444', 31, NULL), (1295, 'Nessie Ettery', 'Femenino', 41, '7576552092', 17, NULL), (1296, 'Shermie Petruszka', 'Masculino', 75, '3754906814', 38, NULL), (1297, 'Katti Redwin', 'Femenino', 64, '7542258162', 49, NULL), (1298, 'Jaquenetta Shipp', 'Femenino', 31, '6951154805', 10, NULL), (1299, 'Stacee Lovewell', 'Masculino', 29, '1969822157', 11, NULL), (1300, 'Humfrid Shucksmith', 'Masculino', 36, '9933287416', 40, NULL), (1301, 'Keir Fraulo', 'Masculino', 51, '5973823284', 11, NULL), (1302, 'William Carrol', 'Masculino', 68, '8034666162', 22, NULL), (1303, 'Dorene Tatnell', 'Femenino', 40, '5765124438', 26, NULL), (1304, 'Tova Murrum', 'Femenino', 42, '1123360993', 27, NULL), (1305, 'Linnet Maro', 'Femenino', 65, '3317037254', 41, NULL), (1306, 'Dael Caunter', 'Masculino', 59, '1273120568', 14, NULL), (1307, 'Harli Stackbridge', 'Femenino', 31, '2531929937', 42, NULL), (1308, 'Adolphus Jagiello', 'Masculino', 64, '6005336684', 43, NULL), (1309, 'Alleyn Deavall', 'Masculino', 68, '3668366277', 49, NULL), (1310, 'Rachele Lygo', 'Femenino', 55, '1567360148', 40, NULL), (1311, 'Pall Alvy', 'Masculino', 34, '7118540956', 25, NULL), (1312, 'Laurette MacTrustrie', 'Femenino', 67, '4367335142', 5, NULL), (1313, 'Lira Grinvalds', 'Femenino', 71, '9057981171', 33, NULL), (1314, 'Fara Bucksey', 'Femenino', 56, '8185094485', 20, NULL), (1315, 'Meggi Wasling', 'Femenino', 52, '4212969561', 18, NULL), (1316, 'Agnes Sothcott', 'Femenino', 23, '7471298818', 14, NULL), (1317, 'Paula Morgan', 'Femenino', 49, '8758812788', 21, NULL), (1318, 'Martha Diter', 'Femenino', 27, '3977923157', 9, NULL), (1319, 'Prudence Goodricke', 'Femenino', 40, '6911708184', 2, NULL), (1320, 'Almire Yegorev', 'Femenino', 44, '1467617652', 19, NULL), (1321, 'Giraldo Lattin', 'Masculino', 51, '3505400537', 1, NULL), (1322, 'Gregory Colerick', 'Masculino', 53, '3247618440', 46, NULL), (1323, 'Cacilia Godsafe', 'Femenino', 41, '1499645046', 44, NULL), (1324, 'Prentice Kik', 'Masculino', 44, '5561927603', 15, NULL), (1325, 'Donella Morfell', 'Femenino', 54, '5993137922', 8, NULL), (1326, 'Sofie Skittles', 'Femenino', 63, '7591116641', 26, NULL), (1327, 'Jervis Gascoigne', 'Masculino', 50, '2961531082', 26, NULL), (1328, 'Nathanial Gosnoll', 'Masculino', 50, '7693243784', 4, NULL), (1329, 'Liesa Lukianov', 'Femenino', 36, '4884133704', 13, NULL), (1330, 'Selby Kienlein', 'Masculino', 74, '9125524090', 31, NULL), (1331, 'Mayer Fivey', 'Masculino', 47, '4678782177', 47, NULL), (1332, 'Christabel Leward', 'Femenino', 22, '6145646435', 36, NULL), (1333, 'Avril Fieldstone', 'Femenino', 26, '6119796650', 18, NULL), (1334, 'Langsdon Bonavia', 'Masculino', 33, '3151754505', 48, NULL), (1335, 'Herold Gruby', 'Masculino', 55, '9526947744', 41, NULL), (1336, 'Annabell Sterke', 'Femenino', 39, '3354543757', 31, NULL), (1337, 'Dare Danjoie', 'Masculino', 52, '1331214749', 6, NULL), (1338, 'Lois McFall', 'Femenino', 42, '5989561919', 46, NULL), (1339, 'Carin Bonifacio', 'Femenino', 40, '9363013018', 23, NULL), (1340, 'Penelope Micklewicz', 'Femenino', 38, '2721329900', 18, NULL), (1341, 'Torry Hyatt', 'Masculino', 49, '3524974036', 30, NULL), (1342, 'Celestine Neville', 'Femenino', 51, '5032620042', 39, NULL), (1343, 'Maryellen Getty', 'Femenino', 29, '2732031283', 49, NULL), (1344, 'Leonerd Quadrio', 'Masculino', 36, '5221179212', 7, NULL), (1345, 'Lishe Maylam', 'Femenino', 47, '2331364063', 16, NULL), (1346, 'Andrey Djuricic', 'Masculino', 47, '6565840519', 26, NULL), (1347, 'Abra Clive', 'Femenino', 44, '4808804324', 33, NULL), (1348, 'Elvyn Vasyushkhin', 'Masculino', 21, '6529597502', 28, NULL), (1349, 'Laetitia Barti', 'Femenino', 60, '4671568911', 21, NULL), (1350, 'Mala Staines', 'Femenino', 35, '4467188106', 32, NULL), (1351, 'Ber Gerardot', 'Masculino', 66, '7652136573', 49, NULL), (1352, 'Lela Darrington', 'Femenino', 56, '6697010052', 28, NULL), (1353, 'Ashia Galvan', 'Femenino', 74, '5168458544', 7, NULL), (1354, 'Tremayne Sutheran', 'Masculino', 33, '3958001898', 42, NULL), (1355, 'Israel Brando', 'Masculino', 43, '3587058716', 29, NULL), (1356, 'Laureen Georgot', 'Femenino', 56, '4708917193', 6, NULL), (1357, 'Kinny Brittain', 'Masculino', 39, '4945640552', 9, NULL), (1358, 'Hughie Cleare', 'Masculino', 49, '3482500821', 49, NULL), (1359, 'Jeannie McEvilly', 'Femenino', 38, '2901776029', 33, NULL), (1360, 'Rhianon Barton', 'Femenino', 25, '4976706067', 21, NULL), (1361, 'Mirilla Joules', 'Femenino', 57, '1631269409', 38, NULL), (1362, 'Reggy Tuminelli', 'Masculino', 19, '8982035870', 6, NULL), (1363, 'Udale Bramham', 'Masculino', 58, '3843850984', 49, NULL), (1364, 'Brynne Gennerich', 'Femenino', 21, '2224197428', 6, NULL), (1365, 'Thurston Mathelon', 'Masculino', 63, '5551738646', 38, NULL), (1366, 'Dennie Doerffer', 'Masculino', 68, '2278156803', 29, NULL), (1367, 'Dorry Ferney', 'Femenino', 37, '6922768188', 50, NULL), (1368, 'Blake Eick', 'Masculino', 62, '9035562776', 28, NULL), (1369, 'Bord McGannon', 'Masculino', 20, '9442505212', 8, NULL), (1370, 'Hilliary Chrishop', 'Femenino', 50, '9334047405', 17, NULL), (1371, 'Vinny McVeagh', 'Femenino', 58, '4327650988', 35, NULL), (1372, 'Holmes Glenister', 'Masculino', 65, '4223017109', 46, NULL), (1373, 'Esra Daton', 'Masculino', 24, '9361668341', 34, NULL), (1374, 'Iolanthe Everest', 'Femenino', 58, '3217237783', 36, NULL), (1375, 'Hastie Smithers', 'Masculino', 63, '7218540786', 2, NULL), (1376, 'Dugald Jina', 'Masculino', 40, '9593115665', 28, NULL), (1377, 'Misti Lade', 'Femenino', 31, '9769342867', 19, NULL), (1378, 'Olympie Darben', 'Femenino', 62, '9034497249', 22, NULL), (1379, 'Loraine Carn', 'Femenino', 49, '9275901068', 27, NULL), (1380, 'Giffer Mourton', 'Masculino', 60, '9151989231', 35, NULL), (1381, 'Niki Theurer', 'Masculino', 45, '3219748526', 29, NULL), (1382, 'Alvy Bosma', 'Masculino', 56, '2692011636', 49, NULL), (1383, 'Petr Dobbings', 'Masculino', 22, '8134870077', 14, NULL), (1384, 'Richard Steer', 'Masculino', 33, '2581387131', 26, NULL), (1385, 'Desdemona Reinert', 'Femenino', 25, '3811771128', 30, NULL), (1386, 'Reynolds Hampton', 'Masculino', 71, '8018278481', 36, NULL), (1387, 'Hunter Soden', 'Masculino', 40, '6526198174', 38, NULL), (1388, 'Francene MacCumiskey', 'Femenino', 56, '1269757644', 16, NULL), (1389, 'Mackenzie Stanborough', 'Masculino', 67, '6082446443', 47, NULL), (1390, 'Lars Gilhouley', 'Masculino', 65, '1916519521', 30, NULL), (1391, 'Asher Dunridge', 'Masculino', 73, '2848480309', 33, NULL), (1392, 'Richmound Fritchly', 'Masculino', 28, '5432995447', 34, NULL), (1393, 'Val Dunphie', 'Masculino', 50, '6976601255', 11, NULL), (1394, 'Prinz Akers', 'Masculino', 74, '6334920139', 41, NULL), (1395, 'Timotheus Hazeldene', 'Masculino', 68, '9863280372', 3, NULL), (1396, 'Galvan Irnys', 'Masculino', 72, '1318992678', 50, NULL), (1397, 'Cherin Bartholomew', 'Femenino', 68, '5652565113', 15, NULL), (1398, 'Derby Pasmore', 'Masculino', 31, '6814980778', 14, NULL), (1399, 'Xavier Aylin', 'Masculino', 32, '8354884632', 40, NULL), (1400, 'Adelbert Duckett', 'Masculino', 51, '1593870341', 46, NULL), (1401, 'Parrnell Evens', 'Masculino', 26, '1733303712', 29, NULL), (1402, 'Fitzgerald Ferreres', 'Masculino', 58, '5827287507', 28, NULL), (1403, 'Dicky Dongall', 'Masculino', 23, '5843118683', 22, NULL), (1404, 'Elisa Crossdale', 'Femenino', 36, '3876118996', 31, NULL), (1405, 'Gregory Room', 'Masculino', 64, '8337824709', 25, NULL), (1406, 'Sybyl Esson', 'Femenino', 21, '4799992633', 22, NULL), (1407, 'Matty Hiseman', 'Masculino', 23, '5429339197', 30, NULL), (1408, 'Wade Wolledge', 'Masculino', 67, '2646323220', 3, NULL), (1409, 'Zared Belloch', 'Masculino', 59, '5398470118', 29, NULL), (1410, 'Nelie Yeend', 'Femenino', 62, '5713557112', 10, NULL), (1411, 'Gill Nineham', 'Femenino', 39, '7947123635', 22, NULL), (1412, 'Ebenezer Durn', 'Masculino', 53, '6047941168', 43, NULL), (1413, 'Amos Norheny', 'Masculino', 62, '2087044390', 24, NULL), (1414, 'Misty Farlham', 'Femenino', 37, '8888300169', 14, NULL), (1415, 'Peta Annand', 'Femenino', 22, '9719913642', 50, NULL), (1416, 'Kaela Brakespear', 'Femenino', 49, '9371311282', 40, NULL), (1417, 'Micheal Wadlow', 'Masculino', 66, '3983583742', 19, NULL), (1418, 'Nissy Toppes', 'Femenino', 31, '7761125195', 7, NULL), (1419, 'Kara-lynn Menlove', 'Femenino', 19, '3282284413', 35, NULL), (1420, 'Axel Seeler', 'Masculino', 21, '4721314835', 49, NULL), (1421, 'Boony Cromwell', 'Masculino', 66, '7565020398', 47, NULL), (1422, 'Siobhan Attewell', 'Femenino', 62, '1422865085', 31, NULL), (1423, 'Siouxie Hought', 'Femenino', 41, '2239264532', 20, NULL), (1424, 'Urson Rengger', 'Masculino', 64, '7214502634', 43, NULL), (1425, 'Ronald Zamorrano', 'Masculino', 59, '8031929886', 14, NULL), (1426, 'Dehlia Bilney', 'Femenino', 57, '2666633470', 41, NULL), (1427, 'Clerkclaude Lygo', 'Masculino', 36, '4574694792', 28, NULL), (1428, 'Marieann Challis', 'Femenino', 23, '2557386916', 13, NULL), (1429, 'Neale Dumini', 'Masculino', 38, '1117268244', 16, NULL), (1430, 'Isadora Brundale', 'Femenino', 49, '6039050262', 19, NULL), (1431, 'Cammi Edler', 'Femenino', 41, '2435114637', 10, NULL), (1432, 'Elaine Gratrix', 'Femenino', 67, '9014284966', 24, NULL), (1433, 'Tamera Cassella', 'Femenino', 33, '1751053175', 22, NULL), (1434, 'Sly Viegas', 'Masculino', 24, '4968063792', 6, NULL), (1435, 'Aeriell Dowbiggin', 'Femenino', 35, '5229238063', 22, NULL), (1436, 'Anne-corinne Claire', 'Femenino', 43, '2309625626', 37, NULL), (1437, 'Brynna McFadin', 'Femenino', 21, '4067142434', 5, NULL), (1438, 'Tiena Fay', 'Femenino', 50, '6469233427', 11, NULL), (1439, 'Shaine Skully', 'Masculino', 32, '6997715466', 39, NULL), (1440, 'Kalina Woolard', 'Femenino', 70, '3503927862', 38, NULL), (1441, 'Lloyd Stein', 'Masculino', 52, '1168867874', 9, NULL), (1442, 'Brantley Leser', 'Masculino', 75, '2716210767', 48, NULL), (1443, 'Eddi Aked', 'Femenino', 44, '1871889046', 18, NULL), (1444, 'Hedvig Breckin', 'Femenino', 41, '2088341820', 4, NULL), (1445, 'Lemuel Davioud', 'Masculino', 67, '5402623344', 21, NULL), (1446, 'Molly Rawcliff', 'Femenino', 47, '3769354849', 13, NULL), (1447, 'Gussi Varlow', 'Femenino', 36, '3031451914', 35, NULL), (1448, 'Stanleigh Paddefield', 'Masculino', 67, '8341049801', 5, NULL), (1449, 'Garth Junifer', 'Masculino', 24, '3375568080', 42, NULL), (1450, 'Bel Halse', 'Femenino', 28, '9331343440', 43, NULL), (1451, 'Krishna Corde', 'Masculino', 20, '6418865601', 24, NULL), (1452, 'Livvy Stansby', 'Femenino', 24, '4948897827', 48, NULL), (1453, 'Jesus Gartell', 'Masculino', 73, '4553204449', 1, NULL), (1454, 'Adoree Tofanini', 'Femenino', 45, '6135744922', 36, NULL), (1455, 'Daniella Blowfield', 'Femenino', 33, '4352677852', 20, NULL), (1456, 'Lauryn Farleigh', 'Femenino', 67, '9922089843', 48, NULL), (1457, 'Noland Willes', 'Masculino', 69, '3101185835', 36, NULL), (1458, 'Pierson Rickword', 'Masculino', 56, '4494473579', 11, NULL), (1459, 'Kizzie Racine', 'Femenino', 34, '8994245470', 4, NULL), (1460, 'Danya Moody', 'Femenino', 23, '2527987808', 16, NULL), (1461, 'Lucita Dickie', 'Femenino', 31, '2366627426', 5, NULL), (1462, 'Michele Munby', 'Masculino', 30, '1955670480', 37, NULL), (1463, 'Joscelin Yandle', 'Femenino', 61, '3639702456', 12, NULL), (1464, 'Chiarra Guido', 'Femenino', 33, '7134315345', 15, NULL), (1465, 'Josey Berkeley', 'Femenino', 18, '4212093459', 30, NULL), (1466, 'Merrielle Wigelsworth', 'Femenino', 32, '4974306395', 33, NULL), (1467, 'Marget Roscamp', 'Femenino', 42, '8784171176', 7, NULL), (1468, 'Oliver Bretherton', 'Masculino', 27, '7637214317', 46, NULL), (1469, 'Atalanta Cleveland', 'Femenino', 34, '5822358968', 41, NULL), (1470, 'Melesa Thorsen', 'Femenino', 58, '5471143310', 4, NULL), (1471, 'Alicea Orneles', 'Femenino', 53, '1443519119', 48, NULL), (1472, 'Leeann Wasbrough', 'Femenino', 25, '8925037468', 39, NULL), (1473, 'Ilyse Sotheby', 'Femenino', 38, '8281057295', 46, NULL), (1474, 'Angy Peebles', 'Femenino', 41, '3874790617', 29, NULL), (1475, 'Adrian Cargill', 'Masculino', 51, '4145508349', 47, NULL), (1476, 'Jaquenetta Peaurt', 'Femenino', 46, '2853625715', 42, NULL), (1477, 'Alain Habden', 'Masculino', 24, '3386705199', 27, NULL), (1478, 'Fayth Surguine', 'Femenino', 23, '4561167539', 46, NULL), (1479, 'Kalli Haversum', 'Femenino', 25, '1203718235', 44, NULL), (1480, 'Arden Gerrans', 'Femenino', 41, '7278890862', 1, NULL), (1481, 'Herold Riccardelli', 'Masculino', 58, '6591233965', 20, NULL), (1482, 'Lori Albone', 'Femenino', 68, '1902573075', 45, NULL), (1483, 'Ronnie Suggitt', 'Femenino', 43, '4095411139', 26, NULL), (1484, 'Susanetta Albisser', 'Femenino', 54, '5241376078', 28, NULL), (1485, 'Wood Cleal', 'Masculino', 56, '2898771455', 45, NULL), (1486, 'Janetta Senter', 'Femenino', 58, '8427079169', 14, NULL), (1487, 'Dawna Hulcoop', 'Femenino', 30, '5559072272', 32, NULL), (1488, 'Mathew Dymond', 'Masculino', 68, '1033361850', 42, NULL), (1489, 'Reed Meller', 'Masculino', 22, '3674449660', 4, NULL), (1490, 'Karl Ramsay', 'Masculino', 71, '8626825745', 28, NULL), (1491, 'Clea Macourek', 'Femenino', 18, '1964960287', 28, NULL), (1492, 'Dyana Gammon', 'Femenino', 29, '4673388408', 28, NULL), (1493, 'Ramona Ridgway', 'Femenino', 34, '9397164475', 16, NULL), (1494, 'Peterus Dytham', 'Masculino', 65, '7435547470', 29, NULL), (1495, 'Cesya Brummitt', 'Femenino', 24, '1881625708', 47, NULL), (1496, 'Cissiee Learmouth', 'Femenino', 72, '8251084684', 3, NULL), (1497, 'Lorianna Roose', 'Femenino', 33, '7237193084', 4, NULL), (1498, 'Isabelle Pittam', 'Femenino', 49, '6323704781', 46, NULL), (1499, 'Fleur Lindwall', 'Femenino', 39, '1939833535', 15, NULL), (1500, 'Roselia Jansa', 'Femenino', 60, '8316804295', 21, NULL), (1501, 'Dominik Sartin', 'Masculino', 70, '3299937827', 3, NULL), (1502, 'Cam Whitlock', 'Femenino', 55, '5869320430', 2, NULL), (1503, 'Emmey Lademann', 'Femenino', 39, '4762231418', 39, NULL), (1504, 'Manny Roiz', 'Masculino', 62, '6097948733', 30, NULL), (1505, 'Godfrey Guppy', 'Masculino', 22, '3774925929', 17, NULL), (1506, 'Der Nottingam', 'Masculino', 45, '5015238183', 34, NULL), (1507, 'Deva Durie', 'Femenino', 45, '5379480782', 13, NULL), (1508, 'Tobye Soff', 'Femenino', 19, '7178816907', 2, NULL), (1509, 'Demetri Alenshev', 'Masculino', 32, '9793378899', 10, NULL), (1510, 'Lidia Zanioletti', 'Femenino', 53, '3795510995', 13, NULL), (1511, 'Catha Conford', 'Femenino', 45, '2267882882', 14, NULL), (1512, 'Keri Schankel', 'Femenino', 19, '8577667529', 43, NULL), (1513, 'Nikita Brazener', 'Masculino', 23, '7846789502', 42, NULL), (1514, 'Angelica Emerson', 'Femenino', 20, '7575579099', 16, NULL), (1515, 'Jeffy Franek', 'Masculino', 24, '2235940617', 32, NULL), (1516, 'Nancey Dannehl', 'Femenino', 59, '4165383810', 7, NULL), (1517, 'Sherlocke Elverston', 'Masculino', 36, '6281760346', 46, NULL), (1518, 'Vinny Malser', 'Masculino', 66, '9846541680', 27, NULL), (1519, 'Hewet Rowson', 'Masculino', 29, '3986804624', 18, NULL), (1520, 'Gerta Hurleston', 'Femenino', 51, '9298584708', 25, NULL), (1521, 'Henry Whordley', 'Masculino', 70, '2677030523', 36, NULL), (1522, 'Ginger Tomeo', 'Femenino', 53, '1857996509', 20, NULL), (1523, 'Tait Gilson', 'Masculino', 18, '4093343270', 50, NULL), (1524, 'Carin Gunbie', 'Femenino', 65, '8897445418', 39, NULL), (1525, 'Engracia Ralph', 'Femenino', 52, '6359442485', 44, NULL), (1526, 'Abbye Dugmore', 'Femenino', 34, '9946090161', 35, NULL), (1527, 'Rafi Swanston', 'Masculino', 33, '5489285000', 28, NULL), (1528, 'Andy Norrey', 'Femenino', 59, '8787115285', 35, NULL), (1529, 'Gerhardt Oliff', 'Masculino', 44, '3889460614', 4, NULL), (1530, 'Carolina Huguenet', 'Femenino', 28, '1831558360', 47, NULL), (1531, 'Tammi Bruinemann', 'Femenino', 20, '7511798927', 14, NULL), (1532, 'Stearn Dalziel', 'Masculino', 59, '8536218264', 39, NULL), (1533, 'Clyve Sterre', 'Masculino', 26, '2191177099', 15, NULL), (1534, 'Frederico Bartholat', 'Masculino', 69, '2811461434', 47, NULL), (1535, 'Danya Hubery', 'Femenino', 38, '7265080183', 28, NULL), (1536, 'Gonzales Ryhorovich', 'Masculino', 44, '3251811460', 20, NULL), (1537, 'Norrie Romera', 'Masculino', 20, '2141887763', 45, NULL), (1538, 'Adel Seson', 'Femenino', 72, '4655757257', 27, NULL), (1539, 'Der Dyball', 'Masculino', 73, '6202504325', 17, NULL), (1540, 'Ulberto O''Hone', 'Masculino', 72, '4656168619', 11, NULL), (1541, 'Wit Gaymer', 'Masculino', 27, '9612266771', 27, NULL), (1542, 'Anson Beese', 'Masculino', 41, '3998090455', 50, NULL), (1543, 'Bridie Goodenough', 'Femenino', 69, '4174968869', 37, NULL), (1544, 'Charmane Wimpey', 'Femenino', 69, '6987644803', 46, NULL), (1545, 'Dilan Stringfellow', 'Masculino', 60, '3513788213', 42, NULL), (1546, 'Shayne Walesby', 'Masculino', 71, '3237616774', 19, NULL), (1547, 'Gypsy Blowfield', 'Femenino', 72, '6603607320', 7, NULL), (1548, 'Matty Toovey', 'Masculino', 48, '4661362747', 9, NULL), (1549, 'Malina Laval', 'Femenino', 28, '8862216042', 49, NULL), (1550, 'Elayne Puckinghorne', 'Femenino', 53, '8115222902', 22, NULL), (1551, 'Brennen MacAskill', 'Masculino', 57, '7804098650', 38, NULL), (1552, 'Christy Shimwall', 'Masculino', 56, '7642209983', 43, NULL), (1553, 'Murial Larmor', 'Femenino', 30, '4719922210', 1, NULL), (1554, 'Peyton Hustler', 'Masculino', 59, '7146525547', 21, NULL), (1555, 'Emlynne Franke', 'Femenino', 57, '9031431293', 19, NULL), (1556, 'Elliott Staynes', 'Masculino', 63, '2226911063', 9, NULL), (1557, 'Gnni Furney', 'Femenino', 63, '9572375105', 23, NULL), (1558, 'Padraig Tax', 'Masculino', 71, '9521596724', 35, NULL), (1559, 'Alvy Yesinov', 'Masculino', 52, '2181005516', 31, NULL), (1560, 'Joann McCroft', 'Femenino', 72, '4011272107', 32, NULL), (1561, 'Garvey Mapstone', 'Masculino', 56, '3593862183', 30, NULL), (1562, 'Rhett Philpin', 'Masculino', 19, '8398653209', 6, NULL), (1563, 'Kayley Frankiss', 'Femenino', 51, '9056681117', 7, NULL), (1564, 'Genovera Silk', 'Femenino', 70, '9156345539', 11, NULL), (1565, 'Fae Trundler', 'Femenino', 29, '6224573662', 11, NULL), (1566, 'Loren Corradeschi', 'Masculino', 22, '2306061513', 11, NULL), (1567, 'Patrizio Wheal', 'Masculino', 68, '4286771542', 47, NULL), (1568, 'Berna Meharry', 'Femenino', 44, '6981272785', 20, NULL), (1569, 'Corinne Huggard', 'Femenino', 43, '3713961074', 7, NULL), (1570, 'Cherie Gridley', 'Femenino', 72, '1889699723', 38, NULL), (1571, 'Ase Lohden', 'Masculino', 32, '9983404758', 47, NULL), (1572, 'Teriann Thickins', 'Femenino', 67, '2505655127', 12, NULL), (1573, 'Ogdon Moscone', 'Masculino', 58, '3885135423', 1, NULL), (1574, 'Janelle Havelin', 'Femenino', 70, '6083029466', 25, NULL), (1575, 'Torin Easdon', 'Masculino', 66, '5777846379', 17, NULL), (1576, 'Clari Peschke', 'Femenino', 61, '8639990313', 13, NULL), (1577, 'Stanford Vela', 'Masculino', 27, '1652553753', 2, NULL), (1578, 'Marie Djurdjevic', 'Femenino', 67, '4096782042', 34, NULL), (1579, 'Jamal Wynch', 'Masculino', 72, '9827197620', 10, NULL), (1580, 'Merwyn Ivers', 'Masculino', 68, '6836974435', 39, NULL), (1581, 'Hendrik Vicioso', 'Masculino', 37, '9386664055', 8, NULL), (1582, 'Chrissy Frankish', 'Masculino', 28, '8005863058', 9, NULL), (1583, 'Morganne Shewring', 'Femenino', 66, '9502872422', 39, NULL), (1584, 'Corine Danahar', 'Femenino', 69, '8983749763', 44, NULL), (1585, 'Luce Balnaves', 'Masculino', 40, '6203096845', 37, NULL), (1586, 'Coralyn Dawidman', 'Femenino', 43, '2827049611', 22, NULL), (1587, 'Iolanthe Peare', 'Femenino', 57, '1185478739', 21, NULL), (1588, 'Elnora Gilvary', 'Femenino', 31, '7537507916', 9, NULL), (1589, 'Raddy McWhinnie', 'Masculino', 35, '7825868234', 37, NULL), (1590, 'Darb Husk', 'Masculino', 24, '5334815078', 34, NULL), (1591, 'Berny Halshaw', 'Masculino', 32, '5175764029', 42, NULL), (1592, 'Merrile Worster', 'Femenino', 30, '9353493473', 47, NULL), (1593, 'Erin Elder', 'Masculino', 49, '5503299390', 31, NULL), (1594, 'Sheelagh Boost', 'Femenino', 66, '1831545302', 41, NULL), (1595, 'Cally Wasbrough', 'Femenino', 45, '7398355094', 1, NULL), (1596, 'Melanie Jessard', 'Femenino', 59, '2681716644', 8, NULL), (1597, 'Sergent Brauninger', 'Masculino', 71, '4401854369', 40, NULL), (1598, 'Cissiee Brimming', 'Femenino', 41, '6816659304', 16, NULL), (1599, 'Kattie Prandoni', 'Femenino', 43, '2266676929', 38, NULL), (1600, 'Harlie Pancast', 'Femenino', 40, '5813087377', 19, NULL), (1601, 'Cesaro Deedes', 'Masculino', 70, '2969351337', 2, NULL), (1602, 'Margy Sponer', 'Femenino', 19, '1969846132', 22, NULL), (1603, 'Ezmeralda Getcliffe', 'Femenino', 18, '2544624519', 3, NULL), (1604, 'Eddy Mantrip', 'Masculino', 65, '1464261393', 44, NULL), (1605, 'Clem Whyke', 'Femenino', 63, '3402249712', 40, NULL), (1606, 'Abelard Ebi', 'Masculino', 51, '4028348049', 29, NULL), (1607, 'Kattie Jelkes', 'Femenino', 23, '7471036764', 22, NULL), (1608, 'Midge Turbill', 'Femenino', 34, '8344355742', 1, NULL), (1609, 'Porter Hancox', 'Masculino', 64, '6035274210', 10, NULL), (1610, 'Bogart Ovell', 'Masculino', 38, '5369408909', 41, NULL), (1611, 'Suki Dawson', 'Femenino', 31, '9459630042', 44, NULL), (1612, 'Karylin Mougeot', 'Femenino', 25, '8472330949', 9, NULL), (1613, 'Jefferson Walter', 'Masculino', 73, '7004415596', 15, NULL), (1614, 'Letta Girardetti', 'Femenino', 42, '3677914338', 28, NULL), (1615, 'Chloe Thicking', 'Femenino', 33, '9376105145', 35, NULL), (1616, 'Jobyna Pimmocke', 'Femenino', 74, '4077157274', 8, NULL), (1617, 'Cristobal Grotty', 'Masculino', 69, '1393169648', 6, NULL), (1618, 'Shayne Ritch', 'Femenino', 29, '7026918984', 33, NULL), (1619, 'Felecia Rosen', 'Femenino', 31, '5072472829', 20, NULL), (1620, 'Henderson Wrotchford', 'Masculino', 55, '7779063629', 23, NULL), (1621, 'Sandye Daykin', 'Femenino', 22, '3663406113', 41, NULL), (1622, 'Ermengarde Casazza', 'Femenino', 71, '6539613995', 25, NULL), (1623, 'Alaster Keenlyside', 'Masculino', 61, '2632316954', 12, NULL), (1624, 'Quincy Gaiford', 'Masculino', 71, '7508826667', 8, NULL), (1625, 'Henrieta Mulligan', 'Femenino', 52, '4834610458', 9, NULL), (1626, 'Aluin Hayer', 'Masculino', 24, '3772251385', 46, NULL), (1627, 'Vinita MacPadene', 'Femenino', 34, '4074680284', 44, NULL), (1628, 'Dido Records', 'Femenino', 24, '9806070159', 36, NULL), (1629, 'Winn Filoniere', 'Masculino', 68, '2269762369', 14, NULL), (1630, 'Malva Restorick', 'Femenino', 71, '4571331530', 31, NULL), (1631, 'Bibbye Joiris', 'Femenino', 74, '6005746157', 8, NULL), (1632, 'Robbie Ferraro', 'Femenino', 55, '1285379713', 45, NULL), (1633, 'Elnora Rubberts', 'Femenino', 64, '4447118090', 14, NULL), (1634, 'Isa McWhannel', 'Femenino', 67, '7765096925', 35, NULL), (1635, 'Haley Gannicleff', 'Masculino', 57, '8323957511', 18, NULL), (1636, 'Cherilynn Glazer', 'Femenino', 47, '9895180099', 18, NULL), (1637, 'Scott Bour', 'Masculino', 41, '1742865389', 35, NULL), (1638, 'Harvey Legrice', 'Masculino', 70, '9145026394', 48, NULL), (1639, 'Horatius Rollinson', 'Masculino', 32, '6448903495', 37, NULL), (1640, 'Gratiana Adamiak', 'Femenino', 36, '7549624031', 10, NULL), (1641, 'Archibaldo Smead', 'Masculino', 61, '6617314338', 23, NULL), (1642, 'Michele Mugg', 'Femenino', 74, '6875595899', 42, NULL), (1643, 'Jordan Valerius', 'Femenino', 53, '2501240780', 2, NULL), (1644, 'Any Cairns', 'Masculino', 49, '8722055830', 12, NULL), (1645, 'Tammara Gutteridge', 'Femenino', 31, '9755983877', 27, NULL), (1646, 'Dominique Jephcott', 'Femenino', 27, '9393320525', 13, NULL), (1647, 'Smitty Usmar', 'Masculino', 21, '2111797164', 49, NULL), (1648, 'Giovanna Peachment', 'Femenino', 69, '6779419040', 48, NULL), (1649, 'Ariella Mordie', 'Femenino', 53, '4133904364', 18, NULL), (1650, 'Inness Coton', 'Masculino', 49, '8789727317', 38, NULL), (1651, 'Verney Geany', 'Masculino', 56, '6844775764', 15, NULL), (1652, 'Sherlock Lindner', 'Masculino', 66, '1773051192', 41, NULL), (1653, 'Tommi Alps', 'Femenino', 60, '6672734802', 44, NULL), (1654, 'Giffie Petrolli', 'Masculino', 62, '2539455679', 23, NULL), (1655, 'Amii Jewster', 'Femenino', 60, '5788306382', 5, NULL), (1656, 'Cosimo Menghi', 'Masculino', 38, '3891226181', 14, NULL), (1657, 'Mar Toderini', 'Masculino', 69, '3887881625', 45, NULL), (1658, 'Margo McGinny', 'Femenino', 40, '8207361511', 31, NULL), (1659, 'Rodrick De Marchi', 'Masculino', 18, '5612568921', 26, NULL), (1660, 'Odey Pitherick', 'Masculino', 41, '7192833749', 25, NULL), (1661, 'Humfrid Osborn', 'Masculino', 42, '4016967758', 44, NULL), (1662, 'Ingra Burnand', 'Masculino', 25, '3195897245', 18, NULL), (1663, 'Orly Rapp', 'Femenino', 37, '9528071628', 5, NULL), (1664, 'Mersey Sewards', 'Femenino', 30, '4791276858', 6, NULL), (1665, 'Pavla Huyche', 'Femenino', 43, '8806033395', 15, NULL), (1666, 'Brandais Runciman', 'Femenino', 64, '8972678154', 45, NULL), (1667, 'Tabb Climar', 'Masculino', 48, '3727671896', 30, NULL), (1668, 'Ethelyn Leggate', 'Femenino', 38, '8826081216', 27, NULL), (1669, 'Gibb Creamen', 'Masculino', 53, '7847599772', 47, NULL), (1670, 'Harbert Dalloway', 'Masculino', 22, '3271099329', 36, NULL), (1671, 'Nat Cresswell', 'Masculino', 21, '6118159479', 23, NULL), (1672, 'Belita Penwright', 'Femenino', 50, '3011861676', 50, NULL), (1673, 'Aldis Clowley', 'Masculino', 44, '4437729455', 19, NULL), (1674, 'Bennie Mitchenson', 'Femenino', 39, '9222555936', 36, NULL), (1675, 'Forrester Matzaitis', 'Masculino', 48, '1041542543', 49, NULL), (1676, 'Rollie Pauley', 'Masculino', 18, '1313992178', 2, NULL), (1677, 'Berthe Bennedsen', 'Femenino', 74, '7917885883', 31, NULL), (1678, 'Catriona Ruos', 'Femenino', 70, '9891669937', 22, NULL), (1679, 'Leonhard Checcucci', 'Masculino', 70, '7153310541', 42, NULL), (1680, 'Nomi Entreis', 'Femenino', 54, '3512341175', 46, NULL), (1681, 'Elden Lyddiatt', 'Masculino', 26, '9728343220', 9, NULL), (1682, 'Faulkner Orteaux', 'Masculino', 55, '5116778549', 17, NULL), (1683, 'Kippar Hofner', 'Masculino', 66, '6034359992', 32, NULL), (1684, 'Simonette Longwood', 'Femenino', 35, '6464086757', 39, NULL), (1685, 'Tomasine Burle', 'Femenino', 44, '9683164666', 42, NULL), (1686, 'Arvy Malinson', 'Masculino', 32, '2161905581', 26, NULL), (1687, 'Terri-jo Trundell', 'Femenino', 72, '5574793577', 36, NULL), (1688, 'Cthrine Poizer', 'Femenino', 24, '8431946393', 1, NULL), (1689, 'Antonina Collier', 'Femenino', 46, '2969654207', 28, NULL), (1690, 'Katerine Fowlie', 'Femenino', 72, '2169798052', 34, NULL), (1691, 'Vernen Stutt', 'Masculino', 75, '4432550087', 30, NULL), (1692, 'Freda Menichillo', 'Femenino', 41, '6921039905', 40, NULL), (1693, 'Tim Lehr', 'Femenino', 36, '9644909925', 36, NULL), (1694, 'Anabella Rubinov', 'Femenino', 30, '8405868586', 15, NULL), (1695, 'Giffer Lendrem', 'Masculino', 69, '7348171453', 47, NULL), (1696, 'Renell Pellant', 'Femenino', 20, '6811216648', 42, NULL), (1697, 'Gerrard Reeday', 'Masculino', 44, '1174479384', 3, NULL), (1698, 'Alexandro Markus', 'Masculino', 18, '5892640029', 11, NULL), (1699, 'Ernst Gyurkovics', 'Masculino', 39, '6624655101', 37, NULL), (1700, 'Lizzy Pionter', 'Femenino', 29, '8104686195', 7, NULL), (1701, 'Maximilian Lindback', 'Masculino', 28, '3423194742', 10, NULL), (1702, 'Eleanor Nevett', 'Femenino', 32, '3178397153', 30, NULL), (1703, 'Shaw Brokenbrow', 'Masculino', 49, '2803527955', 23, NULL), (1704, 'Patricio Askew', 'Masculino', 61, '4175100378', 37, NULL), (1705, 'Fiann McCarty', 'Femenino', 28, '8891744018', 37, NULL), (1706, 'Brewster Dellit', 'Masculino', 19, '9739941861', 6, NULL), (1707, 'Gery Gabbidon', 'Masculino', 32, '2162720998', 6, NULL), (1708, 'Prent Gonnin', 'Masculino', 57, '7525916666', 49, NULL), (1709, 'Derk Radband', 'Masculino', 57, '2233856877', 20, NULL), (1710, 'Kevina Tatum', 'Femenino', 23, '9801465149', 43, NULL), (1711, 'Keely Pettit', 'Femenino', 51, '1191878058', 8, NULL), (1712, 'Cori Worner', 'Masculino', 64, '1125493809', 13, NULL), (1713, 'Lita Fruser', 'Femenino', 73, '6342545636', 5, NULL), (1714, 'Morry Deporte', 'Masculino', 58, '2401941361', 6, NULL), (1715, 'Gawain Jochens', 'Masculino', 59, '6493396068', 1, NULL), (1716, 'Hashim Tomlin', 'Masculino', 59, '9686899220', 23, NULL), (1717, 'Dell Redemile', 'Femenino', 66, '3966691444', 25, NULL), (1718, 'Averell Fordham', 'Masculino', 44, '8771919076', 35, NULL), (1719, 'Hettie Mindenhall', 'Femenino', 37, '4335030781', 44, NULL), (1720, 'Mellisa Kettow', 'Femenino', 69, '2675822911', 2, NULL), (1721, 'Rubin Klimuk', 'Masculino', 74, '3361000038', 38, NULL), (1722, 'Carr Sheerin', 'Masculino', 74, '7048811031', 31, NULL), (1723, 'Blondelle Meaking', 'Femenino', 70, '9367905915', 28, NULL), (1724, 'Leighton Nel', 'Masculino', 33, '6791078017', 13, NULL), (1725, 'Gradeigh Drowsfield', 'Masculino', 22, '6482940479', 31, NULL), (1726, 'Joya Wallbridge', 'Femenino', 51, '4215159828', 19, NULL), (1727, 'Consolata Charter', 'Femenino', 71, '5558498048', 3, NULL), (1728, 'Trixy Messenbird', 'Femenino', 54, '6967093401', 18, NULL), (1729, 'Roch Brockington', 'Femenino', 59, '8625251701', 38, NULL), (1730, 'Carrissa Watling', 'Femenino', 20, '9741712308', 48, NULL), (1731, 'Fidelia Sweed', 'Femenino', 54, '4717698096', 43, NULL), (1732, 'Thomasine Wardale', 'Femenino', 41, '5586973518', 45, NULL), (1733, 'Merrile Berkely', 'Femenino', 56, '4055508940', 33, NULL), (1734, 'Haily Volett', 'Femenino', 67, '3021147797', 4, NULL), (1735, 'Malva Alejandro', 'Femenino', 58, '9315740066', 48, NULL), (1736, 'Kennedy Comi', 'Masculino', 72, '1658422928', 29, NULL), (1737, 'Gerrilee Baytrop', 'Femenino', 31, '1555123436', 45, NULL), (1738, 'Zena Dawber', 'Femenino', 47, '9252595875', 44, NULL), (1739, 'Fawnia Harp', 'Femenino', 48, '7945557731', 20, NULL), (1740, 'Roberta Kendell', 'Femenino', 51, '8817992570', 1, NULL), (1741, 'Cyrille Hammarberg', 'Masculino', 48, '8285828308', 10, NULL), (1742, 'Wendel Dinsey', 'Masculino', 24, '5462179701', 26, NULL), (1743, 'Donnell Sutlieff', 'Masculino', 27, '8588446518', 25, NULL), (1744, 'Donovan Desborough', 'Masculino', 52, '1573616528', 42, NULL), (1745, 'Judah Dukesbury', 'Masculino', 33, '9652026271', 12, NULL), (1746, 'Edee Plak', 'Femenino', 47, '1829854614', 9, NULL), (1747, 'Agosto Jaffa', 'Masculino', 31, '4772609303', 44, NULL), (1748, 'Lizette Arckoll', 'Femenino', 43, '8388149700', 37, NULL), (1749, 'Sammie Heavyside', 'Masculino', 53, '4884060763', 38, NULL), (1750, 'Eddie Ganter', 'Femenino', 48, '6115078258', 38, NULL), (1751, 'Jud Hutsby', 'Masculino', 32, '2046328581', 23, NULL), (1752, 'Amelita Mattisson', 'Femenino', 56, '1368020151', 38, NULL), (1753, 'Carmel Belly', 'Femenino', 62, '5172834770', 43, NULL), (1754, 'Estrella Burford', 'Femenino', 21, '7364109893', 14, NULL), (1755, 'Rowland Chaldecott', 'Masculino', 43, '5894648820', 45, NULL), (1756, 'Josy Northage', 'Femenino', 72, '4681522055', 12, NULL), (1757, 'Charley Barnson', 'Masculino', 52, '7014589195', 16, NULL), (1758, 'Prissie Pedycan', 'Femenino', 42, '2057222950', 32, NULL), (1759, 'Cymbre Culverhouse', 'Femenino', 23, '5735803446', 3, NULL), (1760, 'Cheston Morling', 'Masculino', 34, '1814346551', 14, NULL), (1761, 'Jimmie Dugall', 'Masculino', 41, '9581919769', 11, NULL), (1762, 'Carlye Cornfoot', 'Femenino', 44, '2522544173', 22, NULL), (1763, 'Ricca Whardley', 'Femenino', 33, '6207255419', 29, NULL), (1764, 'Agnese Rohmer', 'Femenino', 33, '3534617780', 32, NULL), (1765, 'Madonna De Morena', 'Femenino', 32, '8231205570', 45, NULL), (1766, 'Ondrea Topliss', 'Femenino', 63, '5393795461', 36, NULL), (1767, 'Doralyn Dickens', 'Femenino', 70, '2453338141', 19, NULL), (1768, 'Roselin Wimpeney', 'Femenino', 65, '5105681049', 17, NULL), (1769, 'Ellissa Dadge', 'Femenino', 18, '8543116191', 50, NULL), (1770, 'Alasteir Flattman', 'Masculino', 41, '1966588970', 2, NULL), (1771, 'Erl Fox', 'Masculino', 33, '3873675256', 18, NULL), (1772, 'Purcell McCray', 'Masculino', 65, '7638679195', 9, NULL), (1773, 'Katrinka Masarrat', 'Femenino', 45, '5676953723', 8, NULL), (1774, 'Maddalena Knowlden', 'Femenino', 18, '2583177256', 22, NULL), (1775, 'Ennis Hartell', 'Masculino', 60, '8988851955', 34, NULL), (1776, 'Niccolo Paine', 'Masculino', 45, '2264557732', 6, NULL), (1777, 'Martie Syseland', 'Masculino', 69, '2509100737', 15, NULL), (1778, 'Jojo Riseam', 'Femenino', 31, '6818755681', 31, NULL), (1779, 'Bret Leale', 'Masculino', 41, '8888140327', 21, NULL), (1780, 'Tomaso Filkin', 'Masculino', 55, '9614049806', 5, NULL), (1781, 'Letty Ather', 'Femenino', 58, '7861821433', 26, NULL), (1782, 'Tani Leadbitter', 'Femenino', 41, '5149182002', 14, NULL), (1783, 'Donica Ethridge', 'Femenino', 52, '9826253901', 45, NULL), (1784, 'Cymbre Suter', 'Femenino', 18, '4062438687', 50, NULL), (1785, 'Herold Bootton', 'Masculino', 71, '5703209698', 3, NULL), (1786, 'Carin De Angelo', 'Femenino', 67, '3992468664', 28, NULL), (1787, 'Marlow Lagen', 'Masculino', 44, '3571944441', 15, NULL), (1788, 'Eleen Grammer', 'Femenino', 22, '2695628723', 24, NULL), (1789, 'Eal Engley', 'Masculino', 74, '1813005563', 42, NULL), (1790, 'Annamaria Burnsell', 'Femenino', 72, '8541939039', 39, NULL), (1791, 'Elly O''Carroll', 'Femenino', 49, '5245958185', 39, NULL), (1792, 'Devina Satterley', 'Femenino', 47, '7635796030', 24, NULL), (1793, 'Timofei Jarad', 'Masculino', 53, '9899224851', 50, NULL), (1794, 'Wheeler Veelers', 'Masculino', 64, '5211621309', 6, NULL), (1795, 'Ginnifer Cockings', 'Femenino', 49, '4072324695', 32, NULL), (1796, 'Kinny Eiler', 'Masculino', 50, '7726841066', 7, NULL), (1797, 'Kaile Sawl', 'Femenino', 62, '6522316826', 16, NULL), (1798, 'Adrianna Vallerine', 'Femenino', 61, '3217854018', 1, NULL), (1799, 'Emylee Bolf', 'Femenino', 63, '1594741993', 21, NULL), (1800, 'Norrie Bilbey', 'Masculino', 36, '7633091267', 12, NULL), (1801, 'Garrek Pfeuffer', 'Masculino', 24, '8559728142', 38, NULL), (1802, 'Briny House', 'Femenino', 34, '3106683775', 36, NULL), (1803, 'Libby Hrynczyk', 'Femenino', 23, '6748461726', 13, NULL), (1804, 'Lauri De Gregoli', 'Femenino', 49, '6317737274', 30, NULL), (1805, 'Rosene Daniau', 'Femenino', 41, '2289434215', 24, NULL), (1806, 'Adorne Wattisham', 'Femenino', 67, '6695625795', 28, NULL), (1807, 'Dorolice Steer', 'Femenino', 61, '9003899356', 1, NULL), (1808, 'Phillida Holborn', 'Femenino', 43, '8411636301', 33, NULL), (1809, 'Elvis Cousens', 'Masculino', 25, '7667093142', 6, NULL), (1810, 'Pen Botwright', 'Femenino', 58, '4158131617', 23, NULL), (1811, 'Spenser Berick', 'Masculino', 18, '6563181884', 41, NULL), (1812, 'Prentice Le Leu', 'Masculino', 24, '7718189055', 26, NULL), (1813, 'Demetre Rosterne', 'Masculino', 75, '6987908822', 12, NULL), (1814, 'Aubree Leaming', 'Femenino', 18, '3905630526', 25, NULL), (1815, 'Eveleen Luxon', 'Femenino', 74, '5805970480', 28, NULL), (1816, 'Bronson Jumont', 'Masculino', 42, '5349699871', 4, NULL), (1817, 'Diannne Bosward', 'Femenino', 60, '3553123683', 34, NULL), (1818, 'Editha Scarman', 'Femenino', 41, '5361821442', 6, NULL), (1819, 'Basile Mary', 'Masculino', 51, '1935651785', 9, NULL), (1820, 'Wade Beslier', 'Masculino', 41, '5834642911', 21, NULL), (1821, 'Darwin Harber', 'Masculino', 52, '3762944697', 10, NULL), (1822, 'Liz Lambourn', 'Femenino', 32, '9897932391', 25, NULL), (1823, 'Mark Pleace', 'Masculino', 22, '9167441344', 39, NULL), (1824, 'Glen Ipwell', 'Masculino', 43, '6917379697', 37, NULL), (1825, 'Wit MacQueen', 'Masculino', 49, '6925196598', 49, NULL), (1826, 'Gilemette Clissett', 'Femenino', 28, '1035195222', 30, NULL), (1827, 'Consuelo Webber', 'Femenino', 68, '8413873588', 49, NULL), (1828, 'Angelia Willars', 'Femenino', 38, '3663468242', 39, NULL), (1829, 'Cynde Brendel', 'Femenino', 65, '2184542972', 2, NULL), (1830, 'Alie Bedome', 'Femenino', 33, '5755986114', 48, NULL), (1831, 'Calhoun Willgoss', 'Masculino', 49, '3056473234', 7, NULL), (1832, 'Pier Cottie', 'Femenino', 28, '2885020438', 31, NULL), (1833, 'Onofredo Wicher', 'Masculino', 73, '1139655619', 24, NULL), (1834, 'Justinian Meek', 'Masculino', 69, '5188870833', 20, NULL), (1835, 'Datha McGrowther', 'Femenino', 21, '5241665571', 30, NULL), (1836, 'Tootsie Stanwix', 'Femenino', 23, '5601072415', 41, NULL), (1837, 'Tye Poulsum', 'Masculino', 21, '6549009863', 13, NULL), (1838, 'Findley Gypson', 'Masculino', 29, '3772412371', 11, NULL), (1839, 'Emmi Kornes', 'Femenino', 57, '4423244498', 20, NULL), (1840, 'Connie Laurent', 'Masculino', 57, '8941810521', 6, NULL), (1841, 'Minne Tappington', 'Femenino', 29, '2254922953', 39, NULL), (1842, 'Michel Waghorne', 'Femenino', 69, '3039750381', 38, NULL), (1843, 'Lilias Wheelton', 'Femenino', 52, '7447329844', 6, NULL), (1844, 'Xerxes Whaley', 'Masculino', 69, '9168110127', 6, NULL), (1845, 'Ody Ginsie', 'Masculino', 60, '2806887559', 30, NULL), (1846, 'Dore Cuffe', 'Masculino', 27, '1497150308', 18, NULL), (1847, 'Arther Mulhall', 'Masculino', 42, '8185751222', 43, NULL), (1848, 'Danice Meiklem', 'Femenino', 35, '1677751562', 4, NULL), (1849, 'Mordy Learmouth', 'Masculino', 27, '6943869596', 16, NULL), (1850, 'Garwin MacColm', 'Masculino', 39, '6249082604', 2, NULL), (1851, 'Florian Binley', 'Masculino', 66, '2398648417', 20, NULL), (1852, 'Mallory Balston', 'Femenino', 36, '5164844729', 23, NULL), (1853, 'Ron Elger', 'Masculino', 23, '4907406594', 1, NULL), (1854, 'Ikey Jankin', 'Masculino', 69, '4324369328', 46, NULL), (1855, 'Richy Hayselden', 'Masculino', 50, '6671004252', 17, NULL), (1856, 'Claiborne Stonham', 'Masculino', 50, '2225887805', 6, NULL), (1857, 'Town Rydings', 'Masculino', 19, '8799125694', 19, NULL), (1858, 'Frederich Stone', 'Masculino', 28, '9057507934', 42, NULL), (1859, 'Sholom Devo', 'Masculino', 20, '1461508536', 35, NULL), (1860, 'Blair Chinnery', 'Femenino', 53, '6945642097', 23, NULL), (1861, 'Emmalee Christoffe', 'Femenino', 23, '6518560452', 12, NULL), (1862, 'Levon Caldero', 'Masculino', 56, '2888836122', 12, NULL), (1863, 'Amy Rennels', 'Femenino', 26, '1174438229', 28, NULL), (1864, 'Linea Brunone', 'Femenino', 25, '6673726165', 25, NULL), (1865, 'Emalee Claringbold', 'Femenino', 73, '3262069441', 45, NULL), (1866, 'Celesta Stainland', 'Femenino', 33, '3077612887', 41, NULL), (1867, 'Cahra Sondland', 'Femenino', 52, '5844782418', 32, NULL), (1868, 'Ulla Lorand', 'Femenino', 36, '9529092470', 42, NULL), (1869, 'Duky Boardman', 'Masculino', 72, '5041591026', 36, NULL), (1870, 'Ilyse Knowlton', 'Femenino', 60, '2263887382', 34, NULL), (1871, 'Sascha Willows', 'Femenino', 44, '2763852746', 7, NULL), (1872, 'Tamiko Ruilton', 'Femenino', 52, '5935967760', 24, NULL), (1873, 'Lilith Sherbrook', 'Femenino', 55, '3455358885', 8, NULL), (1874, 'Verina Faulkner', 'Femenino', 70, '6812308653', 11, NULL), (1875, 'Rosaleen Terbeck', 'Femenino', 21, '6711036774', 21, NULL), (1876, 'Roarke Jzhakov', 'Masculino', 47, '9256195079', 18, NULL), (1877, 'Trixy Dorrity', 'Femenino', 41, '5149045303', 4, NULL), (1878, 'Dayna Tibald', 'Femenino', 27, '1848396607', 13, NULL), (1879, 'Wilow Doswell', 'Femenino', 31, '2384263170', 11, NULL), (1880, 'Abbye Tarn', 'Femenino', 64, '3032611960', 37, NULL), (1881, 'Washington Ferby', 'Masculino', 72, '5065916063', 1, NULL), (1882, 'Nanine Asee', 'Femenino', 71, '9767726935', 38, NULL), (1883, 'Karney Rickson', 'Masculino', 23, '9107247044', 28, NULL), (1884, 'Stafani Sawle', 'Femenino', 36, '7733703478', 28, NULL), (1885, 'Justin Gersam', 'Masculino', 29, '3654931268', 1, NULL), (1886, 'Brandyn Kinzett', 'Masculino', 65, '4515011708', 40, NULL), (1887, 'Jobyna Ivoshin', 'Femenino', 70, '5072529015', 49, NULL), (1888, 'Orelee Cottem', 'Femenino', 44, '9374809417', 31, NULL), (1889, 'Meara Carrell', 'Femenino', 54, '7886002508', 14, NULL), (1890, 'Isador Howerd', 'Masculino', 36, '8614414326', 18, NULL), (1891, 'Loraine Lydiatt', 'Femenino', 44, '6047344093', 4, NULL), (1892, 'Sergent Brunon', 'Masculino', 41, '9651221845', 16, NULL), (1893, 'Alfi Streader', 'Femenino', 30, '7129596404', 41, NULL), (1894, 'Culver Trustrie', 'Masculino', 27, '2756848782', 24, NULL), (1895, 'Jada McCosker', 'Femenino', 30, '6345314908', 32, NULL), (1896, 'Daffi Congrave', 'Femenino', 29, '2887051394', 32, NULL), (1897, 'Skyler Connechy', 'Masculino', 63, '4793272394', 44, NULL), (1898, 'Charleen Cobbald', 'Femenino', 46, '6426381219', 21, NULL), (1899, 'Roderich Soda', 'Masculino', 40, '5963257705', 23, NULL), (1900, 'Sibelle Scrace', 'Femenino', 71, '1861523985', 46, NULL), (1901, 'Flo Atthowe', 'Femenino', 18, '1199524817', 13, NULL), (1902, 'Evangelia Scranney', 'Femenino', 18, '1514560961', 4, NULL), (1903, 'Christoffer Vurley', 'Masculino', 46, '7453433583', 47, NULL), (1904, 'Renaldo Blumson', 'Masculino', 74, '6835269405', 26, NULL), (1905, 'Liv Maudlen', 'Femenino', 47, '6954841931', 1, NULL), (1906, 'Benton Clogg', 'Masculino', 27, '6226370230', 13, NULL), (1907, 'Erich Tunn', 'Masculino', 27, '5089765791', 42, NULL), (1908, 'Paula Dannett', 'Femenino', 59, '4816271187', 34, NULL), (1909, 'Zak Rossetti', 'Masculino', 61, '4341747079', 29, NULL), (1910, 'Scot Hadaway', 'Masculino', 26, '1212461766', 2, NULL), (1911, 'Lionel Virgoe', 'Masculino', 69, '7357032081', 32, NULL), (1912, 'Dennis Furmonger', 'Masculino', 72, '1207838174', 8, NULL), (1913, 'Brock Wardley', 'Masculino', 61, '8711432679', 28, NULL), (1914, 'Byrle Bramley', 'Masculino', 63, '3906937008', 50, NULL), (1915, 'Marvin Leads', 'Masculino', 49, '7984454717', 6, NULL), (1916, 'Monroe Dovey', 'Masculino', 42, '4418218487', 20, NULL), (1917, 'Loella Glauber', 'Femenino', 27, '4252241391', 45, NULL), (1918, 'Elmo Valentetti', 'Masculino', 59, '2736478517', 49, NULL), (1919, 'Pen Leighton', 'Masculino', 40, '3504680088', 37, NULL), (1920, 'Vanda Brumfitt', 'Femenino', 19, '7327555436', 6, NULL), (1921, 'Nat Santus', 'Femenino', 39, '7255801800', 1, NULL), (1922, 'Conn Dowd', 'Masculino', 40, '8734759705', 34, NULL), (1923, 'Consuela MacParlan', 'Femenino', 33, '9994780327', 22, NULL), (1924, 'Lucienne Vallis', 'Femenino', 58, '8574567379', 40, NULL), (1925, 'Augie Caldero', 'Masculino', 45, '5879286093', 8, NULL), (1926, 'Bale Borrel', 'Masculino', 75, '8282332375', 4, NULL), (1927, 'Allegra Rubinchik', 'Femenino', 43, '2235900947', 26, NULL), (1928, 'Elbert Rippin', 'Masculino', 55, '4262874094', 19, NULL), (1929, 'Jasun Tomasino', 'Masculino', 37, '8915541843', 24, NULL), (1930, 'Gayler Muldrew', 'Masculino', 47, '3028562472', 46, NULL), (1931, 'Ximenez Ekins', 'Masculino', 68, '7535209011', 41, NULL), (1932, 'Kristine Danielian', 'Femenino', 29, '4455606435', 27, NULL), (1933, 'Allan Linkin', 'Masculino', 29, '1182989174', 49, NULL), (1934, 'Lenee Maggiore', 'Femenino', 36, '8585803614', 18, NULL), (1935, 'Frederica Marns', 'Femenino', 72, '4287519866', 2, NULL), (1936, 'Daffy Hannaway', 'Femenino', 75, '5008327605', 16, NULL), (1937, 'Trueman Gwyther', 'Masculino', 37, '7126769526', 36, NULL), (1938, 'Saleem Blacklawe', 'Masculino', 68, '9877279744', 4, NULL), (1939, 'Doug Kenyam', 'Masculino', 64, '4206848013', 4, NULL), (1940, 'Serge Browncey', 'Masculino', 21, '5143257552', 20, NULL), (1941, 'Aloisia Ridde', 'Femenino', 38, '1366680974', 33, NULL), (1942, 'Elisha Jolley', 'Femenino', 64, '2539067832', 42, NULL), (1943, 'Reube Faircley', 'Masculino', 50, '6498077076', 15, NULL), (1944, 'Arda Brimming', 'Femenino', 58, '3239503004', 25, NULL), (1945, 'Alyda Allnatt', 'Femenino', 45, '2715992722', 25, NULL), (1946, 'Ellyn Celiz', 'Femenino', 53, '3704206517', 38, NULL), (1947, 'Daphene Grealish', 'Femenino', 51, '5933641859', 29, NULL), (1948, 'Mathian Brimilcombe', 'Masculino', 19, '3731151561', 2, NULL), (1949, 'Nikolas Frenzel;', 'Masculino', 31, '7401382833', 33, NULL), (1950, 'Celestia Dollard', 'Femenino', 22, '1612573094', 48, NULL), (1951, 'Karole Elwyn', 'Femenino', 39, '3243817336', 45, NULL), (1952, 'Prince Windle', 'Masculino', 34, '5564307376', 23, NULL), (1953, 'Emmerich Mowlam', 'Masculino', 43, '4715466309', 49, NULL), (1954, 'Liane Pomeroy', 'Femenino', 58, '8764214105', 16, NULL), (1955, 'Priscilla Salvati', 'Femenino', 66, '6997317931', 28, NULL), (1956, 'Eartha Meardon', 'Femenino', 50, '3671491506', 17, NULL), (1957, 'Silvan Fraine', 'Masculino', 19, '3434441181', 7, NULL), (1958, 'Field Ince', 'Masculino', 66, '6374099089', 23, NULL), (1959, 'Angel Halsey', 'Masculino', 75, '4885873257', 11, NULL), (1960, 'Monika Jacob', 'Femenino', 39, '8971610074', 36, NULL), (1961, 'Pattie Skyrm', 'Masculino', 64, '4238114318', 36, NULL), (1962, 'Manon Margrem', 'Femenino', 58, '6971588411', 3, NULL), (1963, 'Gauthier Wasylkiewicz', 'Masculino', 65, '6126996740', 16, NULL), (1964, 'Loydie Brisker', 'Masculino', 62, '7735950283', 40, NULL), (1965, 'Cort Elcox', 'Masculino', 75, '5114221266', 24, NULL), (1966, 'Yehudit Dighton', 'Masculino', 52, '2092454862', 2, NULL), (1967, 'Wyatan Kruse', 'Masculino', 68, '6033714469', 28, NULL), (1968, 'Brinn Vanner', 'Femenino', 49, '9157425461', 5, NULL), (1969, 'Jane Figg', 'Femenino', 31, '6746363793', 45, NULL), (1970, 'Jackie Hanbridge', 'Masculino', 26, '6162249886', 16, NULL), (1971, 'Winne Bawme', 'Femenino', 56, '7499406357', 10, NULL), (1972, 'Lefty Punch', 'Masculino', 31, '2223385630', 42, NULL), (1973, 'Merrielle Kubat', 'Femenino', 57, '2835414703', 11, NULL), (1974, 'Merralee Mattiussi', 'Femenino', 58, '8716598121', 28, NULL), (1975, 'Mendie Dulton', 'Masculino', 35, '8999925874', 40, NULL), (1976, 'Nicholle Leonida', 'Femenino', 55, '7329797636', 27, NULL), (1977, 'Carolus Gosney', 'Masculino', 62, '3269986019', 38, NULL), (1978, 'Ethan Tabert', 'Masculino', 74, '4465149141', 13, NULL), (1979, 'Horatio Imesson', 'Masculino', 22, '8285172494', 29, NULL), (1980, 'Julian Okeshott', 'Masculino', 19, '2814079813', 13, NULL), (1981, 'Abigale Aishford', 'Femenino', 54, '3973155901', 11, NULL), (1982, 'Sawyer Kleinberer', 'Masculino', 64, '6441137603', 4, NULL), (1983, 'Brodie Fowler', 'Masculino', 48, '6399600764', 6, NULL), (1984, 'Riobard Seatter', 'Masculino', 49, '4217152699', 46, NULL), (1985, 'Lolly Comford', 'Femenino', 72, '2146505627', 37, NULL), (1986, 'Angelica Jealous', 'Femenino', 37, '1036406820', 1, NULL), (1987, 'Shandra Florence', 'Femenino', 47, '2993290782', 32, NULL), (1988, 'Sherri Loade', 'Femenino', 38, '6894484605', 41, NULL), (1989, 'Tanitansy Chetwynd', 'Femenino', 44, '4196148863', 43, NULL), (1990, 'Ruthy Espadas', 'Femenino', 63, '9395200768', 34, NULL), (1991, 'Cary Micheu', 'Masculino', 63, '2835445944', 31, NULL), (1992, 'Bettina Hun', 'Femenino', 20, '7561151088', 46, NULL), (1993, 'Frasco Thuillier', 'Masculino', 19, '7358590054', 24, NULL), (1994, 'Berne Jannex', 'Masculino', 46, '4944053966', 11, NULL), (1995, 'Karlik Grafom', 'Masculino', 47, '8028507972', 2, NULL), (1996, 'Jenifer Flag', 'Femenino', 38, '1769831408', 12, NULL), (1997, 'Jameson Bulfoot', 'Masculino', 65, '6819807907', 22, NULL), (1998, 'Jerrie Brownscombe', 'Femenino', 36, '1288710066', 48, NULL), (1999, 'Gabriello Warwicker', 'Masculino', 65, '5599094202', 46, NULL), (2000, 'Daveta Phillpot', 'Femenino', 23, '4727899545', 7, NULL);






INSERT INTO municipio (`id`, `nombre`, `departamento_id`, `area`, `presupuesto`)
VALUES
	(1, 'Abriaquí', 5, 75000, 126500),
    (2, 'Acacías', 16, 18441, 119243),
    (3, 'Acandí', 12, 49198, 196104),
    (4, 'Acevedo', 13, 11378, 150630),
    (5, 'Achí', 4, 4348, 169106),
    (6, 'Agrado', 13, 40000, 72063),
    (7, 'Agua de Dios', 11, 40124, 88924),
    (8, 'Aguachica', 9, 49040, 175694),
    (9, 'Aguada', 21, 43503, 36447),
    (10, 'Aguadas', 6, 21453, 74664),
    (11, 'Aguazul', 26, 18925, 58372),
    (12, 'Agustín Codazzi', 9, 58241, 82466),
    (13, 'Aipe', 13, 33968, 198834),
    (14, 'Albania', 7, 47791, 31440),
    (15, 'Albania', 14, 34037, 187761),
    (16, 'Albania', 21, 31752, 136612),
    (17, 'Albán', 11, 32193, 13824),
    (18, 'Albán (San José)', 17, 4916, 134291),
    (19, 'Alcalá', 24, 58308, 112721),
    (20, 'Alejandria', 1, 2392, 191333),
    (21, 'Algarrobo', 15, 9215, 131763),
    (22, 'Algeciras', 13, 32743, 106270),
    (23, 'Almaguer', 8, 43297, 95272),
    (24, 'Almeida', 5, 30697, 133913),
    (25, 'Alpujarra', 23, 42308, 116958),
    (26, 'Altamira', 13, 48448, 1344),
    (27, 'Alto Baudó (Pie de Pato)', 12, 26134, 33033),
    (28, 'Altos del Rosario', 4, 23966, 24872),
    (29, 'Alvarado', 23, 38110, 58693),
    (30, 'Amagá', 1, 37424, 107832),
    (31, 'Amalfi', 1, 48010, 88524),
    (32, 'Ambalema', 23, 2720, 93718),
    (33, 'Anapoima', 11, 44233, 134706),
    (34, 'Ancuya', 17, 33366, 99445),
    (35, 'Andalucía', 24, 59779, 100895),
    (36, 'Andes', 1, 25424, 118849),
    (37, 'Angelópolis', 1, 28008, 63523),
    (38, 'Angostura', 1, 50096, 199627),
    (39, 'Anolaima', 11, 14218, 6971),
    (40, 'Anorí', 1, 37137, 127929),
    (41, 'Anserma', 6, 29376, 179294),
    (42, 'Ansermanuevo', 24, 38193, 185843),
    (43, 'Anzoátegui', 23, 41341, 88158),
    (44, 'Anzá', 1, 30141, 177622),
    (45, 'Apartadó', 1, 37103, 95671),
    (46, 'Apulo', 11, 5295, 71828),
    (47, 'Apía', 20, 52069, 25609),
    (48, 'Aquitania', 5, 48433, 139534),
    (49, 'Aracataca', 15, 29732, 165316),
    (50, 'Aranzazu', 6, 19599, 69975),
    (51, 'Aratoca', 21, 30902, 16195),
    (52, 'Arauca', 25, 5980, 6935),
    (53, 'Arauquita', 25, 40625, 109533),
    (54, 'Arbeláez', 11, 10242, 30163),
    (55, 'Arboleda (Berruecos)', 17, 4060, 134955),
    (56, 'Arboledas', 18, 14033, 21584),
    (57, 'Arboletes', 1, 51547, 118244),
    (58, 'Arcabuco', 5, 29739, 167031),
    (59, 'Arenal', 4, 29356, 183732),
    (60, 'Argelia', 1, 22097, 77757),
    (61, 'Argelia', 8, 30920, 80777),
    (62, 'Argelia', 24, 34414, 140238),
    (63, 'Ariguaní (El Difícil)', 15, 38079, 56130),
    (64, 'Arjona', 4, 54332, 77397),
    (65, 'Armenia', 1, 47491, 133894),
    (66, 'Armenia', 19, 40449, 129275),
    (67, 'Armero (Guayabal)', 23, 1770, 20258),
    (68, 'Arroyohondo', 4, 5174, 169394),
    (69, 'Astrea', 9, 6105, 65156),
    (70, 'Ataco', 23, 43153, 119289),
    (71, 'Atrato (Yuto)', 12, 18261, 122183),
    (72, 'Ayapel', 10, 2911, 91368),
    (73, 'Bagadó', 12, 36521, 139047),
    (74, 'Bahía Solano (Mútis)', 12, 9488, 26765),
    (75, 'Bajo Baudó (Pizarro)', 12, 38252, 82624),
    (76, 'Balboa', 8, 9932, 81134),
    (77, 'Balboa', 20, 29730, 73701),
    (78, 'Baranoa', 2, 31071, 122012),
    (79, 'Baraya', 13, 58867, 29373),
    (80, 'Barbacoas', 17, 6625, 140934),
    (81, 'Barbosa', 1, 2987, 173845),
    (82, 'Barbosa', 21, 51410, 32749),
    (83, 'Barichara', 21, 1191, 121864),
    (84, 'Barranca de Upía', 16, 46088, 27065),
    (85, 'Barrancabermeja', 21, 8621, 57256),
    (86, 'Barrancas', 14, 6079, 28472),
    (87, 'Barranco de Loba', 4, 10996, 105078),
    (88, 'Barranquilla', 2, 12646, 158725),
    (89, 'Becerríl', 9, 44606, 184406),
    (90, 'Belalcázar', 6, 21473, 101597),
    (91, 'Bello', 1, 42261, 161477),
    (92, 'Belmira', 1, 52499, 45707),
    (93, 'Beltrán', 11, 6099, 87244),
    (94, 'Belén', 5, 2328, 31943),
    (95, 'Belén', 17, 26134, 125652),
    (96, 'Belén de Bajirá', 12, 34390, 174082),
    (97, 'Belén de Umbría', 20, 50207, 57743),
    (98, 'Belén de los Andaquíes', 7, 47002, 149549),
    (99, 'Berbeo', 5, 721, 188751),
    (100, 'Betania', 1, 47438, 114905),
    (101, 'Beteitiva', 5, 26781, 31212),
    (102, 'Betulia', 1, 36762, 157854),
    (103, 'Betulia', 21, 40523, 59058),
    (104, 'Bituima', 11, 52560, 120924),
    (105, 'Boavita', 5, 8450, 165927),
    (106, 'Bochalema', 18, 483, 87768),
    (107, 'Bogotá D.C.', 3, 11763, 102078),
    (108, 'Bojacá', 11, 27838, 134658),
    (109, 'Bojayá (Bellavista)', 12, 53521, 45803),
    (110, 'Bolívar', 1, 51757, 195088),
    (111, 'Bolívar', 8, 31945, 73604),
    (112, 'Bolívar', 21, 13162, 100508),
    (113, 'Bolívar', 24, 1321, 117270),
    (114, 'Bosconia', 9, 37408, 108117),
    (115, 'Boyacá', 5, 15108, 62510),
    (116, 'Briceño', 1, 24598, 195895),
    (117, 'Briceño', 5, 33022, 117119),
    (118, 'Bucaramanga', 21, 46957, 2910),
    (119, 'Bucarasica', 18, 53180, 104772),
    (120, 'Buenaventura', 24, 53787, 83068),
    (121, 'Buenavista', 5, 24348, 140000),
    (122, 'Buenavista', 10, 48831, 44451),
    (123, 'Buenavista', 19, 41104, 95791),
    (124, 'Buenavista', 22, 949, 114953),
    (125, 'Buenos Aires', 8, 46799, 191638),
    (126, 'Buesaco', 17, 59956, 135322),
    (127, 'Buga', 24, 56077, 23260),
    (128, 'Bugalagrande', 24, 423, 76919),
    (129, 'Burítica', 1, 39953, 34510),
    (130, 'Busbanza', 5, 59019, 70621),
    (131, 'Cabrera', 11, 52104, 80163),
    (132, 'Cabrera', 21, 44801, 6518),
    (133, 'Cabuyaro', 16, 25377, 3658),
    (134, 'Cachipay', 11, 29960, 132553),
    (135, 'Caicedo', 1, 10679, 137387),
    (136, 'Caicedonia', 24, 119, 120669),
    (137, 'Caimito', 22, 30303, 91533),
    (138, 'Cajamarca', 23, 18590, 20050),
    (139, 'Cajibío', 8, 32770, 133721),
    (140, 'Cajicá', 11, 51750, 118701),
    (141, 'Calamar', 4, 8863, 194987),
    (142, 'Calamar', 31, 37359, 114682),
    (143, 'Calarcá', 19, 38375, 30142),
    (144, 'Caldas', 1, 56450, 134019),
    (145, 'Caldas', 5, 4642, 141690),
    (146, 'Caldono', 8, 11771, 172832),
    (147, 'California', 21, 27432, 163837),
    (148, 'Calima (Darién)', 24, 31469, 63232),
    (149, 'Caloto', 8, 30513, 144942),
    (150, 'Calí', 24, 8599, 80687),
    (151, 'Campamento', 1, 52290, 138288),
    (152, 'Campo de la Cruz', 2, 23654, 26241),
    (153, 'Campoalegre', 13, 35008, 64534),
    (154, 'Campohermoso', 5, 20000, 94879),
    (155, 'Canalete', 10, 43943, 158054),
    (156, 'Candelaria', 2, 53445, 11741),
    (157, 'Candelaria', 24, 58185, 76373),
    (158, 'Cantagallo', 4, 4980, 89435),
    (159, 'Cantón de San Pablo', 12, 55488, 82262),
    (160, 'Caparrapí', 11, 41492, 142475),
    (161, 'Capitanejo', 21, 48615, 82604),
    (162, 'Caracolí', 1, 6794, 65557),
    (163, 'Caramanta', 1, 32030, 83309),
    (164, 'Carcasí', 21, 29084, 93883),
    (165, 'Carepa', 1, 19854, 118871),
    (166, 'Carmen de Apicalá', 23, 31299, 168397),
    (167, 'Carmen de Carupa', 11, 30497, 100792),
    (168, 'Carmen de Viboral', 1, 21398, 29941),
    (169, 'Carmen del Darién (CURBARADÓ)', 12, 34290, 77411),
    (170, 'Carolina', 1, 28233, 66410),
    (171, 'Cartagena', 4, 26610, 163125),
    (172, 'Cartagena del Chairá', 7, 53884, 148835),
    (173, 'Cartago', 24, 59907, 140369),
    (174, 'Carurú', 32, 56231, 196962),
    (175, 'Casabianca', 23, 37836, 37603),
    (176, 'Castilla la Nueva', 16, 42423, 29570),
    (177, 'Caucasia', 1, 56373, 44905),
    (178, 'Cañasgordas', 1, 56984, 151245),
    (179, 'Cepita', 21, 13816, 123407),
    (180, 'Cereté', 10, 5063, 130998),
    (181, 'Cerinza', 5, 33252, 84568),
    (182, 'Cerrito', 21, 3340, 44540),
    (183, 'Cerro San Antonio', 15, 8880, 101360),
    (184, 'Chachaguí', 17, 50906, 55932),
    (185, 'Chaguaní', 11, 39925, 6478),
    (186, 'Chalán', 22, 19699, 64354),
    (187, 'Chaparral', 23, 5123, 116061),
    (188, 'Charalá', 21, 2005, 155702),
    (189, 'Charta', 21, 23370, 135425),
    (190, 'Chigorodó', 1, 25510, 10300),
    (191, 'Chima', 21, 48489, 59667),
    (192, 'Chimichagua', 9, 2950, 53030),
    (193, 'Chimá', 10, 23297, 22774),
    (194, 'Chinavita', 5, 17055, 144413),
    (195, 'Chinchiná', 6, 54915, 125647),
    (196, 'Chinácota', 18, 21442, 169587),
    (197, 'Chinú', 10, 10017, 26265),
    (198, 'Chipaque', 11, 7548, 124724),
    (199, 'Chipatá', 21, 51610, 165483),
    (200, 'Chiquinquirá', 5, 46136, 21207),
    (201, 'Chiriguaná', 9, 55329, 163950),
    (202, 'Chiscas', 5, 47057, 172608),
    (203, 'Chita', 5, 24124, 59217),
    (204, 'Chitagá', 18, 33004, 99390),
    (205, 'Chitaraque', 5, 39478, 74177),
    (206, 'Chivatá', 5, 33130, 108713),
    (207, 'Chivolo', 15, 36593, 90828),
    (208, 'Choachí', 11, 6247, 169175),
    (209, 'Chocontá', 11, 18194, 108384),
    (210, 'Chámeza', 26, 26943, 118234),
    (211, 'Chía', 11, 26949, 163129),
    (212, 'Chíquiza', 5, 26397, 30450),
    (213, 'Chívor', 5, 2375, 14376),
    (214, 'Cicuco', 4, 47406, 176972),
    (215, 'Cimitarra', 21, 31761, 123606),
    (216, 'Circasia', 19, 23518, 40068),
    (217, 'Cisneros', 1, 24497, 167417),
    (218, 'Ciénaga', 5, 44769, 138428),
    (219, 'Ciénaga', 15, 47859, 16244),
    (220, 'Ciénaga de Oro', 10, 4640, 51832),
    (221, 'Clemencia', 4, 29558, 142222),
    (222, 'Cocorná', 1, 3313, 198283),
    (223, 'Coello', 23, 15488, 126688),
    (224, 'Cogua', 11, 2911, 86337),
    (225, 'Colombia', 13, 29166, 165561),
    (226, 'Colosó (Ricaurte)', 22, 29726, 126067),
    (227, 'Colón', 27, 1127, 174193),
    (228, 'Colón (Génova)', 17, 43252, 114116),
    (229, 'Concepción', 1, 42021, 150387),
    (230, 'Concepción', 21, 13144, 111929),
    (231, 'Concordia', 1, 15842, 8352),
    (232, 'Concordia', 15, 15610, 18688),
    (233, 'Condoto', 12, 23609, 89193),
    (234, 'Confines', 21, 7042, 35910),
    (235, 'Consaca', 17, 11899, 62693),
    (236, 'Contadero', 17, 46290, 63885),
    (237, 'Contratación', 21, 45367, 14631),
    (238, 'Convención', 18, 40582, 4480),
    (239, 'Copacabana', 1, 17699, 146411),
    (240, 'Coper', 5, 56676, 96536),
    (241, 'Cordobá', 19, 50284, 170722),
    (242, 'Corinto', 8, 32194, 118854),
    (243, 'Coromoro', 21, 23208, 44176),
    (244, 'Corozal', 22, 21991, 71326),
    (245, 'Corrales', 5, 27802, 192078),
    (246, 'Cota', 11, 23352, 181706),
    (247, 'Cotorra', 10, 18990, 55214),
    (248, 'Covarachía', 5, 6020, 131324),
    (249, 'Coveñas', 22, 12646, 45823),
    (250, 'Coyaima', 23, 47619, 136540),
    (251, 'Cravo Norte', 25, 18632, 122430),
    (252, 'Cuaspud (Carlosama)', 17, 26333, 184992),
    (253, 'Cubarral', 16, 21150, 103418),
    (254, 'Cubará', 5, 29171, 132735),
    (255, 'Cucaita', 5, 3222, 158652),
    (256, 'Cucunubá', 11, 22958, 22886),
    (257, 'Cucutilla', 18, 54899, 54540),
    (258, 'Cuitiva', 5, 16194, 119884),
    (259, 'Cumaral', 16, 9472, 181870),
    (260, 'Cumaribo', 33, 726, 171262),
    (261, 'Cumbal', 17, 15507, 165843),
    (262, 'Cumbitara', 17, 24589, 89988),
    (263, 'Cunday', 23, 2638, 50134),
    (264, 'Curillo', 7, 39830, 167515),
    (265, 'Curití', 21, 46655, 22887),
    (266, 'Curumaní', 9, 21881, 59773),
    (267, 'Cáceres', 1, 6999, 178316),
    (268, 'Cáchira', 18, 41574, 153736),
    (269, 'Cácota', 18, 45254, 106265),
    (270, 'Cáqueza', 11, 16643, 127496),
    (271, 'Cértegui', 12, 28011, 112884),
    (272, 'Cómbita', 5, 40673, 116514),
    (273, 'Córdoba', 4, 50245, 8750),
    (274, 'Córdoba', 17, 19248, 128155),
    (275, 'Cúcuta', 18, 11885, 100841),
    (276, 'Dabeiba', 1, 1171, 172163),
    (277, 'Dagua', 24, 44, 67133),
    (278, 'Dibulla', 14, 23843, 21842),
    (279, 'Distracción', 14, 2801, 191073),
    (280, 'Dolores', 23, 10176, 32987),
    (281, 'Don Matías', 1, 48661, 30802),
    (282, 'Dos Quebradas', 20, 34331, 65812),
    (283, 'Duitama', 5, 43679, 112343),
    (284, 'Durania', 18, 221, 163867),
    (285, 'Ebéjico', 1, 5410, 188376),
    (286, 'El Bagre', 1, 5754, 190045),
    (287, 'El Banco', 15, 499, 141035),
    (288, 'El Cairo', 24, 14973, 81278),
    (289, 'El Calvario', 16, 11570, 160889),
    (290, 'El Carmen', 18, 32955, 41591),
    (291, 'El Carmen', 21, 53827, 132034),
    (292, 'El Carmen de Atrato', 12, 59959, 18411),
    (293, 'El Carmen de Bolívar', 4, 41639, 7154),
    (294, 'El Castillo', 16, 13611, 96972),
    (295, 'El Cerrito', 24, 12645, 62399),
    (296, 'El Charco', 17, 21075, 198248),
    (297, 'El Cocuy', 5, 41544, 177237),
    (298, 'El Colegio', 11, 38515, 187625),
    (299, 'El Copey', 9, 30180, 11861),
    (300, 'El Doncello', 7, 20716, 196894),
    (301, 'El Dorado', 16, 16776, 198594),
    (302, 'El Dovio', 24, 13442, 85213),
    (303, 'El Espino', 5, 51148, 32336),
    (304, 'El Guacamayo', 21, 32967, 18523),
    (305, 'El Guamo', 4, 17892, 112802),
    (306, 'El Molino', 14, 12345, 48917),
    (307, 'El Paso', 9, 14180, 48757),
    (308, 'El Paujil', 7, 26239, 54596),
    (309, 'El Peñol', 17, 35239, 189961),
    (310, 'El Peñon', 4, 6190, 83150),
    (311, 'El Peñon', 21, 31818, 68920),
    (312, 'El Peñón', 11, 7937, 180668),
    (313, 'El Piñon', 15, 59490, 169729),
    (314, 'El Playón', 21, 11426, 22429),
    (315, 'El Retorno', 31, 17293, 128817),
    (316, 'El Retén', 15, 30112, 33447),
    (317, 'El Roble', 22, 9327, 132262),
    (318, 'El Rosal', 11, 8501, 51776),
    (319, 'El Rosario', 17, 29144, 19364),
    (320, 'El Tablón de Gómez', 17, 28459, 181259),
    (321, 'El Tambo', 8, 5013, 12219),
    (322, 'El Tambo', 17, 52705, 198076),
    (323, 'El Tarra', 18, 31557, 123149),
    (324, 'El Zulia', 18, 35855, 61604),
    (325, 'El Águila', 24, 54743, 106753),
    (326, 'Elías', 13, 42597, 12729),
    (327, 'Encino', 21, 6119, 182204),
    (328, 'Enciso', 21, 11783, 182872),
    (329, 'Entrerríos', 1, 19130, 14134),
    (330, 'Envigado', 1, 6855, 4610),
    (331, 'Espinal', 23, 39194, 184972),
    (332, 'Facatativá', 11, 23157, 61973),
    (333, 'Falan', 23, 12016, 58039),
    (334, 'Filadelfia', 6, 54880, 155991),
    (335, 'Filandia', 19, 44258, 124373),
    (336, 'Firavitoba', 5, 46599, 111438),
    (337, 'Flandes', 23, 39291, 134865),
    (338, 'Florencia', 7, 32188, 30963),
    (339, 'Florencia', 8, 59623, 94756),
    (340, 'Floresta', 5, 1541, 100858),
    (341, 'Florida', 24, 3383, 153786),
    (342, 'Floridablanca', 21, 5725, 156322),
    (343, 'Florián', 21, 50352, 113482),
    (344, 'Fonseca', 14, 14472, 119604),
    (345, 'Fortúl', 25, 25176, 87229),
    (346, 'Fosca', 11, 23376, 173754),
    (347, 'Francisco Pizarro', 17, 10847, 107568),
    (348, 'Fredonia', 1, 46339, 48663),
    (349, 'Fresno', 23, 6399, 157960),
    (350, 'Frontino', 1, 53076, 99130),
    (351, 'Fuente de Oro', 16, 37222, 6329),
    (352, 'Fundación', 15, 17368, 83356),
    (353, 'Funes', 17, 57222, 43271),
    (354, 'Funza', 11, 11837, 81448),
    (355, 'Fusagasugá', 11, 40334, 165516),
    (356, 'Fómeque', 11, 5857, 48195),
    (357, 'Fúquene', 11, 7179, 123571),
    (358, 'Gachalá', 11, 28394, 122888),
    (359, 'Gachancipá', 11, 20946, 142645),
    (360, 'Gachantivá', 5, 48164, 95124),
    (361, 'Gachetá', 11, 23328, 18799),
    (362, 'Galapa', 2, 23763, 198525),
    (363, 'Galeras (Nueva Granada)', 22, 10249, 116163),
    (364, 'Galán', 21, 3514, 195511),
    (365, 'Gama', 11, 47078, 116117),
    (366, 'Gamarra', 9, 25963, 191466),
    (367, 'Garagoa', 5, 19871, 191078),
    (368, 'Garzón', 13, 29195, 58044),
    (369, 'Gigante', 13, 50306, 148244),
    (370, 'Ginebra', 24, 52884, 98145),
    (371, 'Giraldo', 1, 37819, 167262),
    (372, 'Girardot', 11, 16939, 21648),
    (373, 'Girardota', 1, 6958, 147264),
    (374, 'Girón', 21, 1791, 178248),
    (375, 'Gonzalez', 9, 50102, 127945),
    (376, 'Gramalote', 18, 5471, 87131),
    (377, 'Granada', 1, 15180, 89220),
    (378, 'Granada', 11, 6280, 106759),
    (379, 'Granada', 16, 49939, 92046),
    (380, 'Guaca', 21, 9695, 139761),
    (381, 'Guacamayas', 5, 26618, 190548),
    (382, 'Guacarí', 24, 3835, 171608),
    (383, 'Guachavés', 17, 41209, 77192),
    (384, 'Guachené', 8, 50001, 85105),
    (385, 'Guachetá', 11, 40618, 109614),
    (386, 'Guachucal', 17, 17696, 141962),
    (387, 'Guadalupe', 1, 11054, 11581),
    (388, 'Guadalupe', 13, 48154, 189351),
    (389, 'Guadalupe', 21, 41327, 196429),
    (390, 'Guaduas', 11, 14664, 180132),
    (391, 'Guaitarilla', 17, 16425, 143736),
    (392, 'Gualmatán', 17, 29202, 13393),
    (393, 'Guamal', 15, 33589, 57424),
    (394, 'Guamal', 16, 35022, 89017),
    (395, 'Guamo', 23, 42893, 182864),
    (396, 'Guapota', 21, 1383, 162274),
    (397, 'Guapí', 8, 39225, 186573),
    (398, 'Guaranda', 22, 23846, 75757),
    (399, 'Guarne', 1, 13964, 49910),
    (400, 'Guasca', 11, 13387, 26993),
    (401, 'Guatapé', 1, 18842, 180260),
    (402, 'Guataquí', 11, 35052, 135273),
    (403, 'Guatavita', 11, 38903, 57211),
    (404, 'Guateque', 5, 48346, 75135),
    (405, 'Guavatá', 21, 18414, 106092),
    (406, 'Guayabal de Siquima', 11, 23121, 160522),
    (407, 'Guayabetal', 11, 7755, 49847),
    (408, 'Guayatá', 5, 27037, 24828),
    (409, 'Guepsa', 21, 31718, 73366),
    (410, 'Guicán', 5, 18898, 135393),
    (411, 'Gutiérrez', 11, 21735, 134790),
    (412, 'Guática', 20, 5907, 47883),
    (413, 'Gámbita', 21, 19735, 78698),
    (414, 'Gámeza', 5, 47127, 196344),
    (415, 'Génova', 19, 39409, 21599),
    (416, 'Gómez Plata', 1, 5583, 121576),
    (417, 'Hacarí', 18, 58069, 140619),
    (418, 'Hatillo de Loba', 4, 23922, 84780),
    (419, 'Hato', 21, 35160, 11958),
    (420, 'Hato Corozal', 26, 7614, 129462),
    (421, 'Hatonuevo', 14, 50579, 169064),
    (422, 'Heliconia', 1, 7430, 21578),
    (423, 'Herrán', 18, 28275, 74941),
    (424, 'Herveo', 23, 6642, 20869),
    (425, 'Hispania', 1, 18388, 94498),
    (426, 'Hobo', 13, 15416, 95848),
    (427, 'Honda', 23, 9595, 80929),
    (428, 'Ibagué', 23, 3874, 79496),
    (429, 'Icononzo', 23, 17681, 90562),
    (430, 'Iles', 17, 9372, 190870),
    (431, 'Imúes', 17, 53568, 167976),
    (432, 'Inzá', 8, 53805, 40923),
    (433, 'Inírida', 30, 32018, 189370),
    (434, 'Ipiales', 17, 39999, 22673),
    (435, 'Isnos', 13, 19673, 192443),
    (436, 'Istmina', 12, 48463, 91984),
    (437, 'Itagüí', 1, 28409, 4937),
    (438, 'Ituango', 1, 34193, 98251),
    (439, 'Izá', 5, 6643, 85536),
    (440, 'Jambaló', 8, 52413, 174665),
    (441, 'Jamundí', 24, 57798, 131552),
    (442, 'Jardín', 1, 12181, 23173),
    (443, 'Jenesano', 5, 31164, 113147),
    (444, 'Jericó', 1, 22547, 63664),
    (445, 'Jericó', 5, 13834, 192405),
    (446, 'Jerusalén', 11, 35668, 41691),
    (447, 'Jesús María', 21, 56549, 137334),
    (448, 'Jordán', 21, 34998, 171400),
    (449, 'Juan de Acosta', 2, 49521, 90631),
    (450, 'Junín', 11, 5907, 145746),
    (451, 'Juradó', 12, 2360, 108357),
    (452, 'La Apartada y La Frontera', 10, 751, 193333),
    (453, 'La Argentina', 13, 39387, 195454),
    (454, 'La Belleza', 21, 52900, 62948),
    (455, 'La Calera', 11, 27541, 179917),
    (456, 'La Capilla', 5, 43084, 170549),
    (457, 'La Ceja', 1, 59322, 135807),
    (458, 'La Celia', 20, 27664, 141219),
    (459, 'La Cruz', 17, 49110, 199105),
    (460, 'La Cumbre', 24, 41952, 128516),
    (461, 'La Dorada', 6, 9157, 125179),
    (462, 'La Esperanza', 18, 34600, 60195),
    (463, 'La Estrella', 1, 48923, 68275),
    (464, 'La Florida', 17, 47541, 51168),
    (465, 'La Gloria', 9, 10843, 30507),
    (466, 'La Jagua de Ibirico', 9, 37912, 87674),
    (467, 'La Jagua del Pilar', 14, 44811, 25260),
    (468, 'La Llanada', 17, 19004, 56177),
    (469, 'La Macarena', 16, 51211, 81209),
    (470, 'La Merced', 6, 51489, 110447),
    (471, 'La Mesa', 11, 34766, 98643),
    (472, 'La Montañita', 7, 58519, 129531),
    (473, 'La Palma', 11, 33441, 133688),
    (474, 'La Paz', 21, 44246, 150771),
    (475, 'La Paz (Robles)', 9, 46229, 85064),
    (476, 'La Peña', 11, 50767, 194233),
    (477, 'La Pintada', 1, 20660, 131682),
    (478, 'La Plata', 13, 43236, 70873),
    (479, 'La Playa', 18, 25493, 185403),
    (480, 'La Primavera', 33, 7654, 52917),
    (481, 'La Salina', 26, 23506, 102836),
    (482, 'La Sierra', 8, 11088, 35917),
    (483, 'La Tebaida', 19, 49996, 76246),
    (484, 'La Tola', 17, 58500, 63633),
    (485, 'La Unión', 1, 59715, 59574),
    (486, 'La Unión', 17, 53738, 86340),
    (487, 'La Unión', 22, 4488, 66985),
    (488, 'La Unión', 24, 996, 176210),
    (489, 'La Uvita', 5, 20563, 181223),
    (490, 'La Vega', 8, 54878, 157760),
    (491, 'La Vega', 11, 46015, 150017),
    (492, 'La Victoria', 5, 27187, 71307),
    (493, 'La Victoria', 6, 51700, 81191),
    (494, 'La Victoria', 24, 22086, 10560),
    (495, 'La Virginia', 20, 56878, 45308),
    (496, 'Labateca', 18, 39577, 147549),
    (497, 'Labranzagrande', 5, 47893, 189275),
    (498, 'Landázuri', 21, 52247, 62912),
    (499, 'Lebrija', 21, 53360, 167490),
    (500, 'Leiva', 17, 37174, 155038),
    (501, 'Lejanías', 16, 15813, 178753),
    (502, 'Lenguazaque', 11, 7251, 62121),
    (503, 'Leticia', 29, 31301, 1700),
    (504, 'Liborina', 1, 17656, 107239),
    (505, 'Linares', 17, 14223, 99796),
    (506, 'Lloró', 12, 3054, 136457),
    (507, 'Lorica', 10, 1221, 79732),
    (508, 'Los Córdobas', 10, 19923, 199277),
    (509, 'Los Palmitos', 22, 48049, 169780),
    (510, 'Los Patios', 18, 52634, 144186),
    (511, 'Los Santos', 21, 51781, 172270),
    (512, 'Lourdes', 18, 44508, 77555),
    (513, 'Luruaco', 2, 49941, 191210),
    (514, 'Lérida', 23, 15724, 20644),
    (515, 'Líbano', 23, 54176, 14193),
    (516, 'López (Micay)', 8, 10494, 65597),
    (517, 'Macanal', 5, 49189, 96524),
    (518, 'Macaravita', 21, 32527, 94443),
    (519, 'Maceo', 1, 7369, 150472),
    (520, 'Machetá', 11, 1845, 98502),
    (521, 'Madrid', 11, 43198, 37062),
    (522, 'Magangué', 4, 46742, 183642),
    (523, 'Magüi (Payán)', 17, 33273, 44609),
    (524, 'Mahates', 4, 39513, 197484),
    (525, 'Maicao', 14, 54927, 161921),
    (526, 'Majagual', 22, 32748, 15715),
    (527, 'Malambo', 2, 732, 198392),
    (528, 'Mallama (Piedrancha)', 17, 47098, 3999),
    (529, 'Manatí', 2, 18511, 122538),
    (530, 'Manaure', 14, 273, 10928),
    (531, 'Manaure Balcón del Cesar', 9, 56825, 88799),
    (532, 'Manizales', 6, 30986, 199838),
    (533, 'Manta', 11, 7712, 37114),
    (534, 'Manzanares', 6, 49257, 77873),
    (535, 'Maní', 26, 12116, 84650),
    (536, 'Mapiripan', 16, 24146, 43306),
    (537, 'Margarita', 4, 11119, 90051),
    (538, 'Marinilla', 1, 57001, 115195),
    (539, 'Maripí', 5, 43995, 80257),
    (540, 'Mariquita', 23, 6118, 6158),
    (541, 'Marmato', 6, 15628, 51158),
    (542, 'Marquetalia', 6, 8846, 59482),
    (543, 'Marsella', 20, 40009, 97626),
    (544, 'Marulanda', 6, 32606, 159784),
    (545, 'María la Baja', 4, 52575, 176436),
    (546, 'Matanza', 21, 41875, 172741),
    (547, 'Medellín', 1, 38625, 196510),
    (548, 'Medina', 11, 44341, 16597),
    (549, 'Medio Atrato', 12, 35268, 17682),
    (550, 'Medio Baudó', 12, 50626, 170184),
    (551, 'Medio San Juan (ANDAGOYA)', 12, 17633, 13293),
    (552, 'Melgar', 23, 1998, 31098),
    (553, 'Mercaderes', 8, 55871, 35075),
    (554, 'Mesetas', 16, 48612, 99220),
    (555, 'Milán', 7, 5731, 29865),
    (556, 'Miraflores', 5, 11575, 178087),
    (557, 'Miraflores', 31, 16222, 176780),
    (558, 'Miranda', 8, 57211, 91077),
    (559, 'Mistrató', 20, 34103, 100069),
    (560, 'Mitú', 32, 51527, 30904),
    (561, 'Mocoa', 27, 42783, 193701),
    (562, 'Mogotes', 21, 58938, 166786),
    (563, 'Molagavita', 21, 57965, 91063),
    (564, 'Momil', 10, 39524, 107117),
    (565, 'Mompós', 4, 48554, 22404),
    (566, 'Mongua', 5, 23398, 174060),
    (567, 'Monguí', 5, 41470, 84122),
    (568, 'Moniquirá', 5, 41551, 92294),
    (569, 'Montebello', 1, 16518, 44548),
    (570, 'Montecristo', 4, 57995, 91621),
    (571, 'Montelíbano', 10, 13563, 165270),
    (572, 'Montenegro', 19, 55126, 1633),
    (573, 'Monteria', 10, 52761, 20867),
    (574, 'Monterrey', 26, 37093, 77589),
    (575, 'Morales', 4, 56270, 156132),
    (576, 'Morales', 8, 37338, 196316),
    (577, 'Morelia', 7, 33259, 168897),
    (578, 'Morroa', 22, 3396, 167658),
    (579, 'Mosquera', 11, 10924, 63188),
    (580, 'Mosquera', 17, 34463, 44763),
    (581, 'Motavita', 5, 27393, 3720),
    (582, 'Moñitos', 10, 34581, 57744),
    (583, 'Murillo', 23, 40408, 15000),
    (584, 'Murindó', 1, 53429, 182770),
    (585, 'Mutatá', 1, 1180, 91143),
    (586, 'Mutiscua', 18, 4833, 102470),
    (587, 'Muzo', 5, 41967, 152540),
    (588, 'Málaga', 21, 20064, 198970),
    (589, 'Nariño', 1, 1267, 145098),
    (590, 'Nariño', 11, 11242, 162839),
    (591, 'Nariño', 17, 12613, 23328),
    (592, 'Natagaima', 23, 53688, 199101),
    (593, 'Nechí', 1, 39685, 168582),
    (594, 'Necoclí', 1, 47346, 135306),
    (595, 'Neira', 6, 43471, 195215),
    (596, 'Neiva', 13, 29512, 31066),
    (597, 'Nemocón', 11, 32667, 63959),
    (598, 'Nilo', 11, 52658, 160247),
    (599, 'Nimaima', 11, 6554, 69653),
    (600, 'Nobsa', 5, 14658, 99423),
    (601, 'Nocaima', 11, 17234, 170747),
    (602, 'Norcasia', 6, 20890, 26865),
    (603, 'Norosí', 4, 59904, 37440),
    (604, 'Novita', 12, 1096, 61177),
    (605, 'Nueva Granada', 15, 21900, 177650),
    (606, 'Nuevo Colón', 5, 7687, 198191),
    (607, 'Nunchía', 26, 8551, 38897),
    (608, 'Nuquí', 12, 51168, 35934),
    (609, 'Nátaga', 13, 20140, 65477),
    (610, 'Obando', 24, 34841, 181046),
    (611, 'Ocamonte', 21, 57105, 103654),
    (612, 'Ocaña', 18, 46997, 72480),
    (613, 'Oiba', 21, 43357, 13516),
    (614, 'Oicatá', 5, 19436, 162630),
    (615, 'Olaya', 1, 45685, 156444),
    (616, 'Olaya Herrera', 17, 13173, 194935),
    (617, 'Onzaga', 21, 26649, 136387),
    (618, 'Oporapa', 13, 37004, 99019),
    (619, 'Orito', 27, 36920, 97779),
    (620, 'Orocué', 26, 5064, 188817),
    (621, 'Ortega', 23, 34872, 50836),
    (622, 'Ospina', 17, 48718, 24067),
    (623, 'Otanche', 5, 4529, 20468),
    (624, 'Ovejas', 22, 16818, 9412),
    (625, 'Pachavita', 5, 43520, 93253),
    (626, 'Pacho', 11, 41638, 110693),
    (627, 'Padilla', 8, 43536, 184360),
    (628, 'Paicol', 13, 39379, 74087),
    (629, 'Pailitas', 9, 58886, 40551),
    (630, 'Paime', 11, 48836, 21232),
    (631, 'Paipa', 5, 11547, 158912),
    (632, 'Pajarito', 5, 57403, 124941),
    (633, 'Palermo', 13, 22359, 31391),
    (634, 'Palestina', 6, 9152, 26141),
    (635, 'Palestina', 13, 7764, 72813),
    (636, 'Palmar', 21, 27060, 20434),
    (637, 'Palmar de Varela', 2, 26854, 198134),
    (638, 'Palmas del Socorro', 21, 7666, 87432),
    (639, 'Palmira', 24, 11363, 68780),
    (640, 'Palmito', 22, 54612, 46383),
    (641, 'Palocabildo', 23, 8327, 60078),
    (642, 'Pamplona', 18, 15882, 10916),
    (643, 'Pamplonita', 18, 56674, 179264),
    (644, 'Pandi', 11, 42604, 100077),
    (645, 'Panqueba', 5, 38653, 27275),
    (646, 'Paratebueno', 11, 51175, 43556),
    (647, 'Pasca', 11, 44163, 187715),
    (648, 'Patía (El Bordo)', 8, 56633, 36642),
    (649, 'Pauna', 5, 12545, 82870),
    (650, 'Paya', 5, 55861, 169482),
    (651, 'Paz de Ariporo', 26, 45362, 186475),
    (652, 'Paz de Río', 5, 46806, 180984),
    (653, 'Pedraza', 15, 53389, 103082),
    (654, 'Pelaya', 9, 7668, 157080),
    (655, 'Pensilvania', 6, 1837, 102112),
    (656, 'Peque', 1, 47692, 110122),
    (657, 'Pereira', 20, 6605, 148350),
    (658, 'Pesca', 5, 48508, 22417),
    (659, 'Peñol', 1, 8521, 166314),
    (660, 'Piamonte', 8, 41730, 177149),
    (661, 'Pie de Cuesta', 21, 56844, 26067),
    (662, 'Piedras', 23, 53851, 160335),
    (663, 'Piendamó', 8, 25640, 68011),
    (664, 'Pijao', 19, 28932, 10067),
    (665, 'Pijiño', 15, 11921, 123940),
    (666, 'Pinchote', 21, 22641, 157234),
    (667, 'Pinillos', 4, 1728, 5861),
    (668, 'Piojo', 2, 53224, 82655),
    (669, 'Pisva', 5, 34575, 129419),
    (670, 'Pital', 13, 5853, 6588),
    (671, 'Pitalito', 13, 40244, 165424),
    (672, 'Pivijay', 15, 26472, 162145),
    (673, 'Planadas', 23, 13534, 67113),
    (674, 'Planeta Rica', 10, 20295, 102690),
    (675, 'Plato', 15, 26160, 165874),
    (676, 'Policarpa', 17, 55439, 115495),
    (677, 'Polonuevo', 2, 54863, 77088),
    (678, 'Ponedera', 2, 56724, 147124),
    (679, 'Popayán', 8, 19988, 183370),
    (680, 'Pore', 26, 45835, 129411),
    (681, 'Potosí', 17, 32877, 162309),
    (682, 'Pradera', 24, 46494, 18529),
    (683, 'Prado', 23, 42839, 99825),
    (684, 'Providencia', 17, 2617, 159592),
    (685, 'Providencia', 28, 51020, 162439),
    (686, 'Pueblo Bello', 9, 39301, 197970),
    (687, 'Pueblo Nuevo', 10, 30470, 156501),
    (688, 'Pueblo Rico', 20, 52648, 4162),
    (689, 'Pueblorrico', 1, 6654, 87969),
    (690, 'Puebloviejo', 15, 5444, 138423),
    (691, 'Puente Nacional', 21, 12547, 173884),
    (692, 'Puerres', 17, 49653, 126191),
    (693, 'Puerto Asís', 27, 53877, 190571),
    (694, 'Puerto Berrío', 1, 22579, 179952),
    (695, 'Puerto Boyacá', 5, 59909, 150286),
    (696, 'Puerto Caicedo', 27, 46582, 27188),
    (697, 'Puerto Carreño', 33, 53311, 137320),
    (698, 'Puerto Colombia', 2, 9989, 152004),
    (699, 'Puerto Concordia', 16, 7784, 72377),
    (700, 'Puerto Escondido', 10, 37185, 30475),
    (701, 'Puerto Gaitán', 16, 3875, 45891),
    (702, 'Puerto Guzmán', 27, 51759, 62603),
    (703, 'Puerto Leguízamo', 27, 35632, 12790),
    (704, 'Puerto Libertador', 10, 3243, 45173),
    (705, 'Puerto Lleras', 16, 29325, 117997),
    (706, 'Puerto López', 16, 32870, 195359),
    (707, 'Puerto Nare', 1, 39778, 128649),
    (708, 'Puerto Nariño', 29, 49128, 62143),
    (709, 'Puerto Parra', 21, 7815, 11562),
    (710, 'Puerto Rico', 7, 31361, 54651),
    (711, 'Puerto Rico', 16, 45244, 167399),
    (712, 'Puerto Rondón', 25, 33743, 57007),
    (713, 'Puerto Salgar', 11, 44172, 86109),
    (714, 'Puerto Santander', 18, 40782, 33019),
    (715, 'Puerto Tejada', 8, 5047, 185161),
    (716, 'Puerto Triunfo', 1, 59147, 123927),
    (717, 'Puerto Wilches', 21, 45171, 65988),
    (718, 'Pulí', 11, 30318, 183191),
    (719, 'Pupiales', 17, 31413, 5587),
    (720, 'Puracé (Coconuco)', 8, 10517, 197162),
    (721, 'Purificación', 23, 12896, 13696),
    (722, 'Purísima', 10, 20402, 28484),
    (723, 'Pácora', 6, 16122, 75089),
    (724, 'Páez', 5, 1996, 101604),
    (725, 'Páez (Belalcazar)', 8, 8573, 14537),
    (726, 'Páramo', 21, 35982, 143707),
    (727, 'Quebradanegra', 11, 27355, 84862),
    (728, 'Quetame', 11, 38715, 107450),
    (729, 'Quibdó', 12, 19783, 137990),
    (730, 'Quimbaya', 19, 39652, 2690),
    (731, 'Quinchía', 20, 52625, 162092),
    (732, 'Quipama', 5, 31280, 20849),
    (733, 'Quipile', 11, 42831, 2115),
    (734, 'Ragonvalia', 18, 10290, 56119),
    (735, 'Ramiriquí', 5, 37674, 162446),
    (736, 'Recetor', 26, 8298, 70206),
    (737, 'Regidor', 4, 4937, 38074),
    (738, 'Remedios', 1, 22534, 47843),
    (739, 'Remolino', 15, 47465, 27109),
    (740, 'Repelón', 2, 15953, 30926),
    (741, 'Restrepo', 16, 42612, 199694),
    (742, 'Restrepo', 24, 1504, 122936),
    (743, 'Retiro', 1, 15437, 42964),
    (744, 'Ricaurte', 11, 58178, 147838),
    (745, 'Ricaurte', 17, 23096, 142532),
    (746, 'Rio Negro', 21, 34487, 10081),
    (747, 'Rioblanco', 23, 39803, 177680),
    (748, 'Riofrío', 24, 36083, 150633),
    (749, 'Riohacha', 14, 15784, 85649),
    (750, 'Risaralda', 6, 13885, 52873),
    (751, 'Rivera', 13, 6136, 199121),
    (752, 'Roberto Payán (San José)', 17, 27967, 33996),
    (753, 'Roldanillo', 24, 39584, 83111),
    (754, 'Roncesvalles', 23, 2957, 189842),
    (755, 'Rondón', 5, 53372, 21353),
    (756, 'Rosas', 8, 20797, 45378),
    (757, 'Rovira', 23, 23952, 70009),
    (758, 'Ráquira', 5, 48479, 25930),
    (759, 'Río Iró', 12, 35176, 24929),
    (760, 'Río Quito', 12, 33928, 9847),
    (761, 'Río Sucio', 6, 19396, 140524),
    (762, 'Río Viejo', 4, 55674, 151436),
    (763, 'Río de oro', 9, 22765, 24683),
    (764, 'Ríonegro', 1, 20872, 58637),
    (765, 'Ríosucio', 12, 49739, 20347),
    (766, 'Sabana de Torres', 21, 25551, 82178),
    (767, 'Sabanagrande', 2, 59286, 95279),
    (768, 'Sabanalarga', 1, 28385, 180822),
    (769, 'Sabanalarga', 2, 24481, 62483),
    (770, 'Sabanalarga', 26, 51222, 172073),
    (771, 'Sabanas de San Angel (SAN ANGEL)', 15, 37076, 78641),
    (772, 'Sabaneta', 1, 54910, 165730),
    (773, 'Saboyá', 5, 49910, 7199),
    (774, 'Sahagún', 10, 14081, 177995),
    (775, 'Saladoblanco', 13, 14796, 15616),
    (776, 'Salamina', 6, 10051, 190023),
    (777, 'Salamina', 15, 31633, 136556),
    (778, 'Salazar', 18, 51472, 162264),
    (779, 'Saldaña', 23, 20317, 121720),
    (780, 'Salento', 19, 14671, 93827),
    (781, 'Salgar', 1, 58538, 117098),
    (782, 'Samacá', 5, 8427, 85911),
    (783, 'Samaniego', 17, 43325, 58497),
    (784, 'Samaná', 6, 51726, 113538),
    (785, 'Sampués', 22, 11189, 60280),
    (786, 'San Agustín', 13, 39405, 68280),
    (787, 'San Alberto', 9, 22775, 106089),
    (788, 'San Andrés', 21, 35271, 45392),
    (789, 'San Andrés Sotavento', 10, 4096, 30074),
    (790, 'San Andrés de Cuerquía', 1, 13409, 99522),
    (791, 'San Antero', 10, 32435, 112549),
    (792, 'San Antonio', 23, 47997, 94927),
    (793, 'San Antonio de Tequendama', 11, 18990, 77249),
    (794, 'San Benito', 21, 6546, 189488),
    (795, 'San Benito Abad', 22, 48858, 94997),
    (796, 'San Bernardo', 11, 22049, 22810),
    (797, 'San Bernardo', 17, 27842, 156082),
    (798, 'San Bernardo del Viento', 10, 45791, 120617),
    (799, 'San Calixto', 18, 37801, 80396),
    (800, 'San Carlos', 1, 50798, 105636),
    (801, 'San Carlos', 10, 2590, 181200),
    (802, 'San Carlos de Guaroa', 16, 21913, 154505),
    (803, 'San Cayetano', 11, 47435, 198962),
    (804, 'San Cayetano', 18, 9884, 156004),
    (805, 'San Cristobal', 4, 14052, 38417),
    (806, 'San Diego', 9, 33581, 177508),
    (807, 'San Eduardo', 5, 24136, 5719),
    (808, 'San Estanislao', 4, 26256, 151409),
    (809, 'San Fernando', 4, 26210, 28801),
    (810, 'San Francisco', 1, 48682, 176761),
    (811, 'San Francisco', 11, 35986, 177383),
    (812, 'San Francisco', 27, 24076, 38598),
    (813, 'San Gíl', 21, 38588, 82777),
    (814, 'San Jacinto', 4, 57464, 1566),
    (815, 'San Jacinto del Cauca', 4, 26737, 167648),
    (816, 'San Jerónimo', 1, 2141, 70121),
    (817, 'San Joaquín', 21, 34268, 173531),
    (818, 'San José', 6, 32697, 83973),
    (819, 'San José de Miranda', 21, 20989, 72803),
    (820, 'San José de Montaña', 1, 50419, 45898),
    (821, 'San José de Pare', 5, 39249, 35108),
    (822, 'San José de Uré', 10, 25718, 46958),
    (823, 'San José del Fragua', 7, 38508, 80507),
    (824, 'San José del Guaviare', 31, 58592, 131788),
    (825, 'San José del Palmar', 12, 19838, 131788),
    (826, 'San Juan de Arama', 16, 27603, 148775),
    (827, 'San Juan de Betulia', 22, 3290, 13384),
    (828, 'San Juan de Nepomuceno', 4, 20651, 110190),
    (829, 'San Juan de Pasto', 17, 46476, 74669),
    (830, 'San Juan de Río Seco', 11, 58267, 10598),
    (831, 'San Juan de Urabá', 1, 29064, 46012),
    (832, 'San Juan del Cesar', 14, 59807, 180242),
    (833, 'San Juanito', 16, 41573, 137388),
    (834, 'San Lorenzo', 17, 56642, 150557),
    (835, 'San Luis', 23, 57886, 145899),
    (836, 'San Luís', 1, 31642, 195132),
    (837, 'San Luís de Gaceno', 5, 51900, 158913),
    (838, 'San Luís de Palenque', 26, 48667, 56839),
    (839, 'San Marcos', 22, 16430, 36334),
    (840, 'San Martín', 9, 45215, 14554),
    (841, 'San Martín', 16, 328, 76053),
    (842, 'San Martín de Loba', 4, 58616, 113368),
    (843, 'San Mateo', 5, 3714, 173078),
    (844, 'San Miguel', 21, 10079, 188953),
    (845, 'San Miguel', 27, 51898, 185366),
    (846, 'San Miguel de Sema', 5, 28829, 141387),
    (847, 'San Onofre', 22, 5891, 108769),
    (848, 'San Pablo', 4, 11467, 43848),
    (849, 'San Pablo', 17, 16480, 18177),
    (850, 'San Pablo de Borbur', 5, 59308, 88749),
    (851, 'San Pedro', 1, 2188, 149618),
    (852, 'San Pedro', 22, 30961, 2276),
    (853, 'San Pedro', 24, 15845, 46014),
    (854, 'San Pedro de Cartago', 17, 54979, 156320),
    (855, 'San Pedro de Urabá', 1, 28225, 6160),
    (856, 'San Pelayo', 10, 42111, 118860),
    (857, 'San Rafael', 1, 11752, 105598),
    (858, 'San Roque', 1, 44673, 177116),
    (859, 'San Sebastián', 8, 39105, 53921),
    (860, 'San Sebastián de Buenavista', 15, 46433, 20353),
    (861, 'San Vicente', 1, 26101, 107400),
    (862, 'San Vicente del Caguán', 7, 16534, 57520),
    (863, 'San Vicente del Chucurí', 21, 57655, 7530),
    (864, 'San Zenón', 15, 44495, 91267),
    (865, 'Sandoná', 17, 58263, 78913),
    (866, 'Santa Ana', 15, 31540, 21293),
    (867, 'Santa Bárbara', 1, 28783, 122727),
    (868, 'Santa Bárbara', 21, 56434, 4061),
    (869, 'Santa Bárbara (Iscuandé)', 17, 17545, 191123),
    (870, 'Santa Bárbara de Pinto', 15, 52219, 130014),
    (871, 'Santa Catalina', 4, 20951, 107010),
    (872, 'Santa Fé de Antioquia', 1, 35567, 61182),
    (873, 'Santa Genoveva de Docorodó', 12, 33071, 165120),
    (874, 'Santa Helena del Opón', 21, 7904, 122735),
    (875, 'Santa Isabel', 23, 18656, 139007),
    (876, 'Santa Lucía', 2, 51456, 79289),
    (877, 'Santa Marta', 15, 18652, 178402),
    (878, 'Santa María', 5, 37568, 94358),
    (879, 'Santa María', 13, 47995, 150047),
    (880, 'Santa Rosa', 4, 17464, 137979),
    (881, 'Santa Rosa', 8, 12538, 190815),
    (882, 'Santa Rosa de Cabal', 20, 2677, 32686),
    (883, 'Santa Rosa de Osos', 1, 34424, 17459),
    (884, 'Santa Rosa de Viterbo', 5, 7979, 60908),
    (885, 'Santa Rosa del Sur', 4, 22920, 4672),
    (886, 'Santa Rosalía', 33, 54103, 175628),
    (887, 'Santa Sofía', 5, 31978, 26956),
    (888, 'Santana', 5, 2800, 104384),
    (889, 'Santander de Quilichao', 8, 45718, 147419),
    (890, 'Santiago', 18, 7499, 97335),
    (891, 'Santiago', 27, 37561, 148323),
    (892, 'Santo Domingo', 1, 43977, 59701),
    (893, 'Santo Tomás', 2, 53552, 115629),
    (894, 'Santuario', 1, 57063, 191247),
    (895, 'Santuario', 20, 15113, 33014),
    (896, 'Sapuyes', 17, 56176, 56630),
    (897, 'Saravena', 25, 34129, 77231),
    (898, 'Sardinata', 18, 29656, 152130),
    (899, 'Sasaima', 11, 17678, 116475),
    (900, 'Sativanorte', 5, 21516, 125182),
    (901, 'Sativasur', 5, 22432, 82261),
    (902, 'Segovia', 1, 47076, 96393),
    (903, 'Sesquilé', 11, 9522, 169037),
    (904, 'Sevilla', 24, 51634, 178688),
    (905, 'Siachoque', 5, 32454, 83021),
    (906, 'Sibaté', 11, 17782, 85339),
    (907, 'Sibundoy', 27, 56186, 91481),
    (908, 'Silos', 18, 11777, 16035),
    (909, 'Silvania', 11, 22316, 184778),
    (910, 'Silvia', 8, 39743, 40709),
    (911, 'Simacota', 21, 59216, 9255),
    (912, 'Simijaca', 11, 32670, 183491),
    (913, 'Simití', 4, 39937, 105854),
    (914, 'Sincelejo', 22, 927, 74561),
    (915, 'Sincé', 22, 42790, 38192),
    (916, 'Sipí', 12, 21939, 147461),
    (917, 'Sitionuevo', 15, 42219, 101914),
    (918, 'Soacha', 11, 13913, 184919),
    (919, 'Soatá', 5, 55168, 122802),
    (920, 'Socha', 5, 31474, 53004),
    (921, 'Socorro', 21, 24316, 147349),
    (922, 'Socotá', 5, 52678, 160475),
    (923, 'Sogamoso', 5, 20398, 6345),
    (924, 'Solano', 7, 38311, 63985),
    (925, 'Soledad', 2, 30960, 29908),
    (926, 'Solita', 7, 14704, 170268),
    (927, 'Somondoco', 5, 53668, 82881),
    (928, 'Sonsón', 1, 10622, 42328),
    (929, 'Sopetrán', 1, 14522, 82542),
    (930, 'Soplaviento', 4, 16745, 44178),
    (931, 'Sopó', 11, 58219, 139174),
    (932, 'Sora', 5, 2500, 79961),
    (933, 'Soracá', 5, 32064, 114413),
    (934, 'Sotaquirá', 5, 1671, 163720),
    (935, 'Sotara (Paispamba)', 8, 40755, 59680),
    (936, 'Sotomayor (Los Andes)', 17, 25416, 65272),
    (937, 'Suaita', 21, 42725, 180340),
    (938, 'Suan', 2, 54324, 111762),
    (939, 'Suaza', 13, 37249, 50838),
    (940, 'Subachoque', 11, 12763, 128248),
    (941, 'Sucre', 8, 33436, 61264),
    (942, 'Sucre', 21, 30452, 17952),
    (943, 'Sucre', 22, 9882, 169212),
    (944, 'Suesca', 11, 43202, 195743),
    (945, 'Supatá', 11, 44290, 24772),
    (946, 'Supía', 6, 57384, 105237),
    (947, 'Suratá', 21, 8549, 96986),
    (948, 'Susa', 11, 15396, 45384),
    (949, 'Susacón', 5, 4041, 25485),
    (950, 'Sutamarchán', 5, 41250, 159934),
    (951, 'Sutatausa', 11, 46360, 69638),
    (952, 'Sutatenza', 5, 27264, 15022),
    (953, 'Suárez', 8, 57223, 67218),
    (954, 'Suárez', 23, 13702, 21793),
    (955, 'Sácama', 26, 32905, 53010),
    (956, 'Sáchica', 5, 38108, 48039),
    (957, 'Tabio', 11, 23731, 39318),
    (958, 'Tadó', 12, 31326, 4131),
    (959, 'Talaigua Nuevo', 4, 14574, 82804),
    (960, 'Tamalameque', 9, 25284, 89856),
    (961, 'Tame', 25, 11369, 128494),
    (962, 'Taminango', 17, 32762, 14594),
    (963, 'Tangua', 17, 35302, 18364),
    (964, 'Taraira', 32, 19154, 61496),
    (965, 'Tarazá', 1, 51281, 153322),
    (966, 'Tarqui', 13, 50606, 28372),
    (967, 'Tarso', 1, 50197, 172446),
    (968, 'Tasco', 5, 10014, 81050),
    (969, 'Tauramena', 26, 2394, 6231),
    (970, 'Tausa', 11, 50791, 77752),
    (971, 'Tello', 13, 5544, 125036),
    (972, 'Tena', 11, 17526, 72512),
    (973, 'Tenerife', 15, 56935, 148513),
    (974, 'Tenjo', 11, 19578, 6189),
    (975, 'Tenza', 5, 44024, 114508),
    (976, 'Teorama', 18, 54148, 133952),
    (977, 'Teruel', 13, 36332, 152996),
    (978, 'Tesalia', 13, 1393, 58494),
    (979, 'Tibacuy', 11, 3108, 144839),
    (980, 'Tibaná', 5, 29344, 49532),
    (981, 'Tibasosa', 5, 53843, 83632),
    (982, 'Tibirita', 11, 41069, 139617),
    (983, 'Tibú', 18, 29464, 163980),
    (984, 'Tierralta', 10, 165, 167310),
    (985, 'Timaná', 13, 58010, 178439),
    (986, 'Timbiquí', 8, 24608, 69687),
    (987, 'Timbío', 8, 28351, 118678),
    (988, 'Tinjacá', 5, 25113, 50710),
    (989, 'Tipacoque', 5, 28539, 191703),
    (990, 'Tiquisio (Puerto Rico)', 4, 22801, 133962),
    (991, 'Titiribí', 1, 52528, 166133),
    (992, 'Toca', 5, 6012, 90256),
    (993, 'Tocaima', 11, 43045, 140169),
    (994, 'Tocancipá', 11, 18557, 87752),
    (995, 'Toguí', 5, 3335, 25219),
    (996, 'Toledo', 1, 22455, 156735),
    (997, 'Toledo', 18, 34036, 58892),
    (998, 'Tolú', 22, 6479, 85049),
    (999, 'Tolú Viejo', 22, 47898, 81666),
    (1000, 'Tona', 21, 13080, 98532),
    (1001, 'Topagá', 5, 31203, 9627),
    (1002, 'Topaipí', 11, 25453, 192374),
    (1003, 'Toribío', 8, 1846, 32056),
    (1004, 'Toro', 24, 46966, 72093),
    (1005, 'Tota', 5, 57120, 136226),
    (1006, 'Totoró', 8, 32735, 18383),
    (1007, 'Trinidad', 26, 55869, 104568),
    (1008, 'Trujillo', 24, 47247, 10762),
    (1009, 'Tubará', 2, 8448, 64521),
    (1010, 'Tuchín', 10, 47243, 107764),
    (1011, 'Tulúa', 24, 8947, 88390),
    (1012, 'Tumaco', 17, 46209, 194350),
    (1013, 'Tunja', 5, 39967, 166765),
    (1014, 'Tunungua', 5, 57394, 103037),
    (1015, 'Turbaco', 4, 28436, 140836),
    (1016, 'Turbaná', 4, 23573, 24639),
    (1017, 'Turbo', 1, 39283, 81823),
    (1018, 'Turmequé', 5, 17308, 83322),
    (1019, 'Tuta', 5, 1871, 138400),
    (1020, 'Tutasá', 5, 32714, 118042),
    (1021, 'Támara', 26, 4697, 155768),
    (1022, 'Támesis', 1, 51818, 169206),
    (1023, 'Túquerres', 17, 55569, 111591),
    (1024, 'Ubalá', 11, 44628, 126951),
    (1025, 'Ubaque', 11, 37373, 62338),
    (1026, 'Ubaté', 11, 42884, 68781),
    (1027, 'Ulloa', 24, 7098, 77960),
    (1028, 'Une', 11, 43337, 77073),
    (1029, 'Unguía', 12, 10472, 71300),
    (1030, 'Unión Panamericana (ÁNIMAS)', 12, 27488, 38966),
    (1031, 'Uramita', 1, 56935, 48321),
    (1032, 'Uribe', 16, 25076, 198517),
    (1033, 'Uribia', 14, 52850, 3434),
    (1034, 'Urrao', 1, 32777, 65837),
    (1035, 'Urumita', 14, 55949, 131014),
    (1036, 'Usiacuri', 2, 29874, 82236),
    (1037, 'Valdivia', 1, 58262, 164550),
    (1038, 'Valencia', 10, 51784, 116171),
    (1039, 'Valle de San José', 21, 58162, 130993),
    (1040, 'Valle de San Juan', 23, 25567, 34636),
    (1041, 'Valle del Guamuez', 27, 14274, 119295),
    (1042, 'Valledupar', 9, 17498, 171687),
    (1043, 'Valparaiso', 1, 23830, 122337),
    (1044, 'Valparaiso', 7, 48749, 128678),
    (1045, 'Vegachí', 1, 47384, 24268),
    (1046, 'Venadillo', 23, 18012, 160051),
    (1047, 'Venecia', 1, 33878, 35158),
    (1048, 'Venecia (Ospina Pérez)', 11, 8620, 110226),
    (1049, 'Ventaquemada', 5, 40241, 171645),
    (1050, 'Vergara', 11, 29338, 35075),
    (1051, 'Versalles', 24, 44411, 93004),
    (1052, 'Vetas', 21, 7657, 160613),
    (1053, 'Viani', 11, 47792, 114166),
    (1054, 'Vigía del Fuerte', 1, 4896, 133586),
    (1055, 'Vijes', 24, 57199, 192377),
    (1056, 'Villa Caro', 18, 17247, 54892),
    (1057, 'Villa Rica', 8, 33350, 31773),
    (1058, 'Villa de Leiva', 5, 5413, 111719),
    (1059, 'Villa del Rosario', 18, 35720, 130445),
    (1060, 'Villagarzón', 27, 2340, 171864),
    (1061, 'Villagómez', 11, 36270, 172698),
    (1062, 'Villahermosa', 23, 55693, 141234),
    (1063, 'Villamaría', 6, 51185, 81760),
    (1064, 'Villanueva', 4, 40824, 48255),
    (1065, 'Villanueva', 14, 23801, 186438),
    (1066, 'Villanueva', 21, 11378, 35748),
    (1067, 'Villanueva', 26, 54937, 165955),
    (1068, 'Villapinzón', 11, 30263, 168644),
    (1069, 'Villarrica', 23, 46221, 170623),
    (1070, 'Villavicencio', 16, 30568, 42023),
    (1071, 'Villavieja', 13, 15517, 171173),
    (1072, 'Villeta', 11, 52919, 23592),
    (1073, 'Viotá', 11, 57891, 137916),
    (1074, 'Viracachá', 5, 23200, 19738),
    (1075, 'Vista Hermosa', 16, 7582, 187972),
    (1076, 'Viterbo', 6, 25910, 61410),
    (1077, 'Vélez', 21, 13492, 163736),
    (1078, 'Yacopí', 11, 46792, 196205),
    (1079, 'Yacuanquer', 17, 36374, 69551),
    (1080, 'Yaguará', 13, 34954, 132184),
    (1081, 'Yalí', 1, 5682, 69861),
    (1082, 'Yarumal', 1, 2777, 112820),
    (1083, 'Yolombó', 1, 6298, 182091),
    (1084, 'Yondó (Casabe)', 1, 31428, 164843),
    (1085, 'Yopal', 26, 51567, 189892),
    (1086, 'Yotoco', 24, 46184, 125506),
    (1087, 'Yumbo', 24, 10534, 135763),
    (1088, 'Zambrano', 4, 31915, 73658),
    (1089, 'Zapatoca', 21, 46509, 199373),
    (1090, 'Zapayán (PUNTA DE PIEDRAS)', 15, 24286, 95450),
    (1091, 'Zaragoza', 1, 16545, 32221),
    (1092, 'Zarzal', 24, 7659, 121311),
    (1093, 'Zetaquirá', 5, 41603, 124404),
    (1094, 'Zipacón', 11, 19696, 65332),
    (1095, 'Zipaquirá', 11, 54366, 149496),
    (1096, 'Zona Bananera (PRADO - SEVILLA)', 15, 3706, 139225),
    (1097, 'Ábrego', 18, 34634, 146150),
    (1098, 'Íquira', 13, 20169, 140197),
    (1099, 'Úmbita', 5, 32809, 100589),
	(1100, 'Útica', 11, 13600, 104500);





-- Zonas:



INSERT INTO zona VALUES (1, 'Sheridan', 253, 'vereda'), (2, 'Clyde Gallagher', 515, 'barrio'), (3, 'Esker', 449, 'barrio'), (4, 'Dixon', 223, 'barrio'), (5, 'Schurz', 136, 'barrio'), (6, 'Lake View', 23, 'barrio'), (7, 'Mariners Cove', 149, 'barrio'), (8, 'Sachs', 402, 'barrio'), (9, 'Pearson', 160, 'barrio'), (10, 'Bayside', 85, 'vereda'), (11, 'Russell', 585, 'barrio'), (12, 'Armistice', 534, 'vereda'), (13, 'Cascade', 300, 'barrio'), (14, 'Hauk', 231, 'barrio'), (15, 'Declaration', 409, 'vereda'), (16, 'Butternut', 74, 'barrio'), (17, 'Derek', 354, 'vereda'), (18, 'Hollow Ridge', 534, 'vereda'), (19, 'Laurel', 203, 'vereda'), (20, 'Lotheville', 100, 'vereda'), (21, 'Welch', 240, 'vereda'), (22, 'East', 483, 'barrio'), (23, 'Lotheville', 159, 'barrio'), (24, 'Annamark', 9, 'barrio'), (25, 'Calypso', 285, 'vereda'), (26, 'Lakewood Gardens', 130, 'barrio'), (27, 'Waywood', 156, 'barrio'), (28, 'Canary', 17, 'barrio'), (29, 'Marquette', 361, 'barrio'), (30, 'Sage', 116, 'barrio'), (31, 'Troy', 535, 'barrio'), (32, 'Fairview', 270, 'vereda'), (33, 'Ludington', 373, 'vereda'), (34, 'Butterfield', 459, 'vereda'), (35, 'Reinke', 131, 'vereda'), (36, 'Spenser', 447, 'vereda'), (37, 'Manley', 285, 'vereda'), (38, 'Tennessee', 72, 'vereda'), (39, 'Lyons', 163, 'barrio'), (40, 'Southridge', 257, 'vereda'), (41, 'Myrtle', 264, 'barrio'), (42, 'Morningstar', 109, 'vereda'), (43, 'Lighthouse Bay', 444, 'vereda'), (44, 'Sutherland', 81, 'barrio'), (45, 'Miller', 45, 'vereda'), (46, 'Troy', 61, 'vereda'), (47, 'Sullivan', 528, 'barrio'), (48, 'Kedzie', 220, 'vereda'), (49, 'Waubesa', 329, 'barrio'), (50, 'Service', 335, 'vereda'), (51, 'Sutteridge', 314, 'barrio'), (52, 'Forest', 553, 'barrio'), (53, 'Pearson', 560, 'barrio'), (54, 'Dennis', 255, 'vereda'), (55, 'Brickson Park', 431, 'barrio'), (56, 'Village', 342, 'barrio'), (57, 'Artisan', 403, 'barrio'), (58, 'Manufacturers', 311, 'vereda'), (59, 'Clyde Gallagher', 137, 'vereda'), (60, 'Myrtle', 314, 'vereda'), (61, 'Caliangt', 114, 'vereda'), (62, 'Sheridan', 415, 'vereda'), (63, 'Pankratz', 10, 'vereda'), (64, 'Portage', 551, 'barrio'), (65, 'Toban', 274, 'vereda'), (66, 'Vermont', 194, 'barrio'), (67, 'Mosinee', 106, 'barrio'), (68, 'School', 495, 'barrio'), (69, 'Dawn', 114, 'barrio'), (70, 'American', 283, 'barrio'), (71, 'Anniversary', 451, 'barrio'), (72, 'Merry', 500, 'barrio'), (73, 'Walton', 431, 'vereda'), (74, 'Magdeline', 14, 'vereda'), (75, 'Schiller', 394, 'barrio'), (76, 'Kinsman', 250, 'vereda'), (77, 'Merchant', 157, 'barrio'), (78, 'Erie', 498, 'barrio'), (79, 'Pond', 341, 'barrio'), (80, 'Dexter', 211, 'barrio'), (81, 'Debs', 176, 'barrio'), (82, 'Summer Ridge', 434, 'barrio'), (83, 'Thackeray', 30, 'barrio'), (84, 'Magdeline', 349, 'barrio'), (85, 'Village', 10, 'vereda'), (86, 'Macpherson', 502, 'barrio'), (87, 'Duke', 216, 'barrio'), (88, 'Dottie', 462, 'barrio'), (89, 'Quincy', 165, 'vereda'), (90, 'Orin', 299, 'barrio'), (91, 'Lawn', 389, 'barrio'), (92, 'Park Meadow', 339, 'vereda'), (93, 'Mcguire', 465, 'vereda'), (94, 'Mayfield', 85, 'vereda'), (95, 'Amoth', 419, 'vereda'), (96, 'Sachtjen', 439, 'vereda'), (97, 'Merry', 418, 'vereda'), (98, 'Kensington', 352, 'vereda'), (99, 'Main', 474, 'barrio'), (100, 'Atwood', 321, 'vereda'), (101, 'Vahlen', 335, 'vereda'), (102, 'Leroy', 11, 'vereda'), (103, 'Memorial', 236, 'vereda'), (104, 'Anderson', 107, 'vereda'), (105, 'Canary', 227, 'vereda'), (106, 'Bashford', 91, 'barrio'), (107, 'Waxwing', 81, 'vereda'), (108, 'Chive', 258, 'barrio'), (109, 'Roxbury', 246, 'vereda'), (110, 'Killdeer', 85, 'vereda'), (111, 'Stoughton', 259, 'vereda'), (112, 'Harper', 93, 'barrio'), (113, 'Fallview', 32, 'barrio'), (114, 'Comanche', 599, 'vereda'), (115, 'Sachs', 547, 'vereda'), (116, 'Ronald Regan', 130, 'vereda'), (117, 'Longview', 318, 'vereda'), (118, 'Rutledge', 459, 'vereda'), (119, '2nd', 547, 'vereda'), (120, 'Esch', 12, 'barrio'), (121, 'Marcy', 257, 'barrio'), (122, 'Bay', 187, 'barrio'), (123, 'Elmside', 550, 'barrio'), (124, 'Aberg', 237, 'vereda'), (125, 'Washington', 206, 'vereda'), (126, 'Rutledge', 508, 'barrio'), (127, 'Clyde Gallagher', 252, 'vereda'), (128, 'Green Ridge', 135, 'barrio'), (129, 'Messerschmidt', 157, 'barrio'), (130, 'Old Shore', 255, 'barrio'), (131, 'Porter', 458, 'barrio'), (132, 'Bunting', 409, 'barrio'), (133, 'Prairie Rose', 277, 'barrio'), (134, 'Parkside', 10, 'vereda'), (135, 'Twin Pines', 61, 'barrio'), (136, 'Surrey', 444, 'barrio'), (137, 'Dayton', 445, 'barrio'), (138, 'Gina', 352, 'barrio'), (139, 'Mayer', 365, 'vereda'), (140, 'Marcy', 423, 'barrio'), (141, 'Forster', 542, 'vereda'), (142, 'Service', 495, 'vereda'), (143, 'Rieder', 424, 'vereda'), (144, 'Clemons', 285, 'vereda'), (145, 'Brentwood', 251, 'vereda'), (146, 'Di Loreto', 301, 'vereda'), (147, 'Burning Wood', 18, 'vereda'), (148, 'Stuart', 87, 'vereda'), (149, 'Bay', 205, 'barrio'), (150, 'Cherokee', 83, 'barrio'), (151, 'Eagle Crest', 135, 'barrio'), (152, 'Norway Maple', 414, 'barrio'), (153, 'Mosinee', 171, 'barrio'), (154, 'Union', 121, 'vereda'), (155, 'Independence', 8, 'barrio'), (156, 'Farwell', 249, 'vereda'), (157, 'Manufacturers', 252, 'barrio'), (158, 'Toban', 78, 'vereda'), (159, 'Union', 583, 'vereda'), (160, 'Manley', 233, 'vereda'), (161, 'Walton', 63, 'barrio'), (162, 'Sugar', 513, 'vereda'), (163, 'Hintze', 548, 'vereda'), (164, 'Scott', 83, 'vereda'), (165, 'Longview', 342, 'vereda'), (166, 'Fulton', 183, 'vereda'), (167, 'Surrey', 388, 'barrio'), (168, 'Tony', 476, 'barrio'), (169, 'Eastlawn', 514, 'vereda'), (170, 'Hansons', 189, 'vereda'), (171, 'Rigney', 56, 'barrio'), (172, 'Laurel', 19, 'barrio'), (173, 'Northwestern', 70, 'barrio'), (174, 'Anhalt', 352, 'barrio'), (175, 'Express', 281, 'vereda'), (176, 'Ilene', 161, 'vereda'), (177, 'Del Sol', 161, 'vereda'), (178, 'Kedzie', 372, 'vereda'), (179, 'Bultman', 360, 'barrio'), (180, '2nd', 305, 'barrio'), (181, 'Springs', 211, 'barrio'), (182, 'Loftsgordon', 504, 'barrio'), (183, 'Holy Cross', 239, 'vereda'), (184, 'Crescent Oaks', 225, 'vereda'), (185, 'Glendale', 590, 'vereda'), (186, 'Clyde Gallagher', 101, 'vereda'), (187, 'Northland', 292, 'barrio'), (188, 'Lake View', 153, 'barrio'), (189, 'Laurel', 136, 'vereda'), (190, 'Manufacturers', 232, 'vereda'), (191, 'Schurz', 480, 'barrio'), (192, 'Prairie Rose', 491, 'vereda'), (193, 'Montana', 540, 'barrio'), (194, 'Cambridge', 578, 'vereda'), (195, 'Kensington', 504, 'vereda'), (196, '8th', 327, 'vereda'), (197, 'Banding', 334, 'vereda'), (198, 'Reinke', 220, 'barrio'), (199, 'Basil', 575, 'vereda'), (200, 'Golf', 532, 'barrio'), (201, 'David', 78, 'vereda'), (202, 'Waxwing', 402, 'barrio'), (203, 'Killdeer', 163, 'barrio'), (204, 'Fallview', 430, 'barrio'), (205, 'La Follette', 333, 'vereda'), (206, 'Fremont', 463, 'vereda'), (207, 'Caliangt', 78, 'vereda'), (208, 'Portage', 32, 'barrio'), (209, 'Blackbird', 156, 'barrio'), (210, 'Mallard', 461, 'vereda'), (211, 'Fairview', 225, 'barrio'), (212, 'Wayridge', 108, 'vereda'), (213, 'Center', 335, 'barrio'), (214, 'Golf Course', 425, 'vereda'), (215, 'Vera', 448, 'barrio'), (216, 'Katie', 430, 'barrio'), (217, 'Green', 504, 'vereda'), (218, 'Forest Run', 366, 'barrio'), (219, 'Warbler', 42, 'vereda'), (220, 'Nancy', 428, 'vereda'), (221, 'Starling', 379, 'vereda'), (222, 'Sloan', 345, 'vereda'), (223, 'Manley', 376, 'vereda'), (224, 'Fulton', 294, 'vereda'), (225, 'Cascade', 240, 'vereda'), (226, 'Roxbury', 239, 'vereda'), (227, 'Ridgeview', 50, 'vereda'), (228, 'Lillian', 211, 'vereda'), (229, 'Colorado', 231, 'barrio'), (230, 'Glacier Hill', 189, 'vereda'), (231, 'Towne', 349, 'vereda'), (232, 'Waubesa', 316, 'vereda'), (233, 'Upham', 430, 'barrio'), (234, 'Chinook', 162, 'vereda'), (235, 'Spaight', 347, 'barrio'), (236, 'Hazelcrest', 166, 'barrio'), (237, 'Banding', 362, 'vereda'), (238, 'Moulton', 375, 'barrio'), (239, 'Cottonwood', 533, 'vereda'), (240, 'Springview', 233, 'barrio'), (241, 'Welch', 364, 'barrio'), (242, 'Bultman', 527, 'vereda'), (243, 'Blackbird', 265, 'barrio'), (244, 'Russell', 346, 'vereda'), (245, 'Hudson', 310, 'barrio'), (246, 'Old Shore', 526, 'barrio'), (247, 'Pearson', 226, 'vereda'), (248, 'Northwestern', 260, 'vereda'), (249, 'Eagan', 250, 'barrio'), (250, 'Hermina', 483, 'vereda'), (251, 'Fulton', 250, 'vereda'), (252, 'Cambridge', 553, 'vereda'), (253, 'Spaight', 164, 'barrio'), (254, 'Brentwood', 179, 'barrio'), (255, 'Red Cloud', 480, 'barrio'), (256, 'Summer Ridge', 281, 'barrio'), (257, 'Cardinal', 314, 'vereda'), (258, 'Manitowish', 330, 'barrio'), (259, 'Sherman', 561, 'vereda'), (260, 'Huxley', 483, 'barrio'), (261, 'Debs', 192, 'barrio'), (262, 'Heffernan', 479, 'barrio'), (263, 'Petterle', 198, 'barrio'), (264, 'Sutherland', 145, 'vereda'), (265, 'Farragut', 351, 'barrio'), (266, 'Green Ridge', 419, 'barrio'), (267, 'Namekagon', 99, 'barrio'), (268, 'Sage', 263, 'barrio'), (269, 'Petterle', 209, 'barrio'), (270, 'Johnson', 236, 'barrio'), (271, 'Merry', 109, 'vereda'), (272, 'Grover', 352, 'vereda'), (273, 'Green', 576, 'barrio'), (274, 'Rigney', 114, 'barrio'), (275, 'Utah', 311, 'barrio'), (276, 'Barnett', 287, 'barrio'), (277, 'Onsgard', 183, 'vereda'), (278, 'Sundown', 141, 'barrio'), (279, 'South', 289, 'barrio'), (280, 'Del Sol', 285, 'barrio'), (281, '7th', 468, 'barrio'), (282, 'Clemons', 418, 'barrio'), (283, 'Grasskamp', 206, 'vereda'), (284, 'Old Shore', 104, 'barrio'), (285, 'Maple Wood', 198, 'barrio'), (286, 'Bultman', 553, 'barrio'), (287, 'West', 357, 'barrio'), (288, 'Kensington', 10, 'vereda'), (289, 'Nevada', 344, 'barrio'), (290, 'Onsgard', 252, 'barrio'), (291, 'Dawn', 76, 'vereda'), (292, 'Portage', 177, 'barrio'), (293, 'Ridgeview', 71, 'vereda'), (294, 'West', 165, 'vereda'), (295, 'Arapahoe', 430, 'barrio'), (296, 'Golf View', 82, 'vereda'), (297, 'Sloan', 407, 'barrio'), (298, 'Bartillon', 166, 'barrio'), (299, 'Nelson', 510, 'barrio'), (300, 'Surrey', 229, 'barrio'), (301, 'Stuart', 106, 'vereda'), (302, 'Sullivan', 528, 'barrio'), (303, 'Sommers', 486, 'barrio'), (304, 'Sunbrook', 181, 'barrio'), (305, 'Ryan', 415, 'barrio'), (306, 'Beilfuss', 108, 'vereda'), (307, 'Fisk', 227, 'barrio'), (308, 'Susan', 459, 'vereda'), (309, 'Jenna', 106, 'barrio'), (310, 'Rockefeller', 431, 'vereda'), (311, 'Forest', 552, 'barrio'), (312, 'Thackeray', 17, 'barrio'), (313, 'Spohn', 133, 'barrio'), (314, 'Cottonwood', 205, 'vereda'), (315, 'Weeping Birch', 326, 'vereda'), (316, 'Badeau', 42, 'barrio'), (317, 'Becker', 496, 'barrio'), (318, '3rd', 506, 'barrio'), (319, 'Bowman', 8, 'vereda'), (320, 'South', 293, 'barrio'), (321, 'Transport', 40, 'vereda'), (322, 'Express', 276, 'vereda'), (323, 'Glendale', 277, 'barrio'), (324, 'Lukken', 537, 'barrio'), (325, 'Clarendon', 441, 'barrio'), (326, 'Vermont', 319, 'vereda'), (327, 'Mallard', 421, 'vereda'), (328, 'Redwing', 361, 'barrio'), (329, 'Alpine', 18, 'vereda'), (330, 'Lillian', 529, 'vereda'), (331, 'Mcguire', 538, 'vereda'), (332, 'Loftsgordon', 4, 'vereda'), (333, 'Grayhawk', 99, 'barrio'), (334, 'Nelson', 196, 'barrio'), (335, 'Pine View', 377, 'vereda'), (336, 'Parkside', 218, 'barrio'), (337, 'Toban', 200, 'vereda'), (338, 'Clemons', 92, 'barrio'), (339, 'Schurz', 442, 'vereda'), (340, 'Grayhawk', 592, 'barrio'), (341, 'Graedel', 517, 'vereda'), (342, 'Darwin', 128, 'vereda'), (343, 'Schmedeman', 398, 'barrio'), (344, 'David', 383, 'vereda'), (345, 'Nancy', 152, 'barrio'), (346, 'Nancy', 245, 'barrio'), (347, 'Laurel', 337, 'barrio'), (348, 'Knutson', 167, 'vereda'), (349, 'Dryden', 459, 'vereda'), (350, 'Ryan', 71, 'barrio'), (351, 'Walton', 192, 'barrio'), (352, 'Forster', 204, 'barrio'), (353, 'Drewry', 593, 'barrio'), (354, 'Rockefeller', 520, 'vereda'), (355, 'Londonderry', 170, 'vereda'), (356, 'Parkside', 445, 'vereda'), (357, 'Sutherland', 60, 'barrio'), (358, 'Merchant', 102, 'barrio'), (359, 'Carpenter', 149, 'barrio'), (360, 'Beilfuss', 8, 'vereda'), (361, 'Pawling', 191, 'vereda'), (362, 'Hazelcrest', 542, 'barrio'), (363, 'Clarendon', 108, 'barrio'), (364, 'Pond', 180, 'vereda'), (365, 'Forest', 58, 'barrio'), (366, 'Express', 426, 'vereda'), (367, 'Sullivan', 558, 'barrio'), (368, 'Buhler', 423, 'barrio'), (369, 'Vahlen', 461, 'vereda'), (370, 'Dahle', 301, 'vereda'), (371, 'Corry', 68, 'barrio'), (372, 'Atwood', 376, 'vereda'), (373, 'Hallows', 172, 'vereda'), (374, 'Sugar', 349, 'vereda'), (375, 'Debs', 518, 'barrio'), (376, 'Grover', 209, 'barrio'), (377, 'Del Sol', 287, 'barrio'), (378, 'Washington', 468, 'barrio'), (379, 'Donald', 493, 'vereda'), (380, 'Barby', 124, 'barrio'), (381, 'Mitchell', 211, 'vereda'), (382, 'West', 208, 'barrio'), (383, 'Londonderry', 297, 'vereda'), (384, 'Pond', 464, 'vereda'), (385, 'Fieldstone', 54, 'barrio'), (386, 'Oneill', 181, 'barrio'), (387, 'Sullivan', 584, 'barrio'), (388, 'Grasskamp', 494, 'barrio'), (389, 'Grayhawk', 228, 'barrio'), (390, 'Crescent Oaks', 21, 'vereda'), (391, 'Hooker', 369, 'barrio'), (392, 'Macpherson', 129, 'vereda'), (393, 'Dawn', 50, 'barrio'), (394, 'Autumn Leaf', 231, 'barrio'), (395, 'Nevada', 410, 'vereda'), (396, 'Dawn', 278, 'vereda'), (397, 'Fairfield', 102, 'barrio'), (398, 'Fremont', 198, 'barrio'), (399, 'Carey', 112, 'vereda'), (400, 'Dahle', 538, 'vereda'), (401, 'Kinsman', 225, 'barrio'), (402, 'Tennyson', 270, 'vereda'), (403, 'Carioca', 385, 'vereda'), (404, '7th', 283, 'barrio'), (405, 'Warbler', 24, 'barrio'), (406, 'Heffernan', 8, 'vereda'), (407, 'Maywood', 356, 'vereda'), (408, 'Charing Cross', 251, 'vereda'), (409, 'Pawling', 488, 'barrio'), (410, 'Donald', 330, 'vereda'), (411, 'Prairie Rose', 134, 'barrio'), (412, 'Mayer', 464, 'vereda'), (413, 'Forest Run', 575, 'vereda'), (414, 'Moose', 90, 'barrio'), (415, 'Warbler', 508, 'vereda'), (416, 'Moulton', 420, 'barrio'), (417, 'Mallard', 342, 'barrio'), (418, 'Hanover', 383, 'barrio'), (419, 'Manufacturers', 393, 'barrio'), (420, 'Corscot', 356, 'vereda'), (421, 'Arrowood', 570, 'vereda'), (422, 'Judy', 235, 'vereda'), (423, 'Vernon', 488, 'barrio'), (424, 'Sauthoff', 357, 'vereda'), (425, 'Mifflin', 452, 'barrio'), (426, 'Saint Paul', 28, 'vereda'), (427, 'Maywood', 9, 'barrio'), (428, 'Grayhawk', 120, 'vereda'), (429, 'Armistice', 580, 'barrio'), (430, 'Warrior', 18, 'barrio'), (431, 'Starling', 477, 'vereda'), (432, 'Judy', 211, 'barrio'), (433, 'Myrtle', 332, 'barrio'), (434, 'Birchwood', 319, 'barrio'), (435, 'Hoffman', 10, 'vereda'), (436, 'Warner', 209, 'vereda'), (437, 'Park Meadow', 231, 'barrio'), (438, 'Farmco', 129, 'vereda'), (439, 'Sage', 209, 'vereda'), (440, 'Mifflin', 86, 'barrio'), (441, 'Ilene', 319, 'barrio'), (442, 'Westend', 552, 'barrio'), (443, 'Sage', 149, 'barrio'), (444, 'Florence', 219, 'barrio'), (445, 'Mcbride', 345, 'barrio'), (446, 'Pankratz', 147, 'vereda'), (447, 'Tomscot', 487, 'barrio'), (448, 'Bay', 185, 'barrio'), (449, 'Helena', 76, 'vereda'), (450, 'Maple Wood', 296, 'barrio'), (451, 'Cardinal', 424, 'vereda'), (452, 'Mesta', 225, 'barrio'), (453, 'High Crossing', 144, 'barrio'), (454, 'Charing Cross', 291, 'vereda'), (455, 'Dennis', 592, 'barrio'), (456, 'Westridge', 333, 'barrio'), (457, 'Mockingbird', 250, 'vereda'), (458, 'Gateway', 486, 'vereda'), (459, 'Boyd', 224, 'vereda'), (460, 'Hoard', 94, 'barrio'), (461, 'Springview', 29, 'vereda'), (462, 'Clove', 289, 'vereda'), (463, 'Leroy', 313, 'barrio'), (464, 'Welch', 415, 'vereda'), (465, 'Sugar', 80, 'barrio'), (466, 'Buell', 300, 'vereda'), (467, 'Dapin', 490, 'vereda'), (468, 'Ridgeway', 504, 'vereda'), (469, 'Eagan', 564, 'vereda'), (470, 'Buhler', 182, 'barrio'), (471, 'Grayhawk', 100, 'vereda'), (472, 'Melvin', 347, 'barrio'), (473, 'Sugar', 218, 'vereda'), (474, 'Coleman', 32, 'vereda'), (475, 'Browning', 573, 'vereda'), (476, 'Shasta', 569, 'vereda'), (477, 'Ramsey', 432, 'vereda'), (478, 'Kropf', 254, 'barrio'), (479, 'Orin', 336, 'barrio'), (480, 'Waywood', 465, 'barrio'), (481, 'Scott', 140, 'vereda'), (482, 'Manley', 82, 'vereda'), (483, 'Pawling', 433, 'barrio'), (484, 'Summer Ridge', 440, 'vereda'), (485, 'Bellgrove', 308, 'vereda'), (486, 'Harper', 18, 'barrio'), (487, 'Lake View', 427, 'barrio'), (488, 'Alpine', 419, 'vereda'), (489, 'Main', 572, 'barrio'), (490, 'Atwood', 519, 'barrio'), (491, 'Lakewood Gardens', 138, 'vereda'), (492, 'Buena Vista', 18, 'vereda'), (493, 'Loftsgordon', 319, 'vereda'), (494, 'Steensland', 364, 'vereda'), (495, 'Monica', 7, 'vereda'), (496, 'Bultman', 503, 'barrio'), (497, 'Dawn', 354, 'vereda'), (498, 'Susan', 233, 'vereda'), (499, 'Warner', 216, 'barrio'), (500, 'Cardinal', 437, 'vereda'), (501, 'Eastwood', 253, 'vereda'), (502, 'Eastwood', 117, 'vereda'), (503, 'Meadow Ridge', 45, 'barrio'), (504, 'Northfield', 524, 'vereda'), (505, 'Lyons', 475, 'barrio'), (506, 'Arapahoe', 393, 'vereda'), (507, 'Carey', 151, 'barrio'), (508, 'Thackeray', 326, 'vereda'), (509, 'Melrose', 81, 'vereda'), (510, 'Macpherson', 462, 'barrio'), (511, 'Delladonna', 168, 'barrio'), (512, 'Nevada', 426, 'vereda'), (513, 'Mcbride', 235, 'vereda'), (514, 'Upham', 239, 'vereda'), (515, 'Graceland', 137, 'vereda'), (516, 'Logan', 243, 'barrio'), (517, 'Westend', 101, 'vereda'), (518, 'Kipling', 272, 'barrio'), (519, 'Rutledge', 181, 'barrio'), (520, 'Fair Oaks', 158, 'barrio'), (521, 'Butterfield', 140, 'vereda'), (522, 'Melody', 592, 'barrio'), (523, 'Carey', 90, 'vereda'), (524, 'Coolidge', 61, 'barrio'), (525, 'Ramsey', 43, 'barrio'), (526, 'Forest Dale', 138, 'vereda'), (527, 'Talisman', 383, 'barrio'), (528, 'Farwell', 207, 'barrio'), (529, 'Lunder', 451, 'vereda'), (530, 'Fairfield', 266, 'vereda'), (531, 'Jenifer', 152, 'barrio'), (532, 'Warrior', 52, 'barrio'), (533, 'Mallory', 318, 'barrio'), (534, 'Leroy', 66, 'vereda'), (535, 'Springview', 206, 'vereda'), (536, 'Hoepker', 489, 'vereda'), (537, 'Northwestern', 302, 'vereda'), (538, '6th', 560, 'barrio'), (539, 'Hooker', 83, 'vereda'), (540, '7th', 152, 'barrio'), (541, 'Montana', 592, 'vereda'), (542, 'Northview', 521, 'barrio'), (543, 'Hoffman', 350, 'barrio'), (544, 'Miller', 176, 'vereda'), (545, 'Loomis', 344, 'vereda'), (546, 'Summerview', 268, 'vereda'), (547, 'Dahle', 530, 'vereda'), (548, 'Rusk', 269, 'barrio'), (549, 'Crowley', 101, 'vereda'), (550, 'Sauthoff', 362, 'vereda'), (551, 'Badeau', 29, 'barrio'), (552, 'Eagan', 104, 'vereda'), (553, 'Kipling', 561, 'barrio'), (554, 'Mallory', 438, 'barrio'), (555, 'Gerald', 2, 'barrio'), (556, 'Alpine', 223, 'vereda'), (557, 'Brown', 29, 'vereda'), (558, 'Bowman', 94, 'vereda'), (559, 'Moose', 422, 'vereda'), (560, 'Melrose', 486, 'vereda'), (561, 'Spenser', 419, 'barrio'), (562, 'Pleasure', 380, 'barrio'), (563, 'Forest Run', 231, 'barrio'), (564, 'Harbort', 234, 'barrio'), (565, 'Thackeray', 20, 'barrio'), (566, 'Hagan', 218, 'vereda'), (567, 'West', 76, 'barrio'), (568, 'Westport', 354, 'vereda'), (569, 'Northfield', 83, 'barrio'), (570, 'Lindbergh', 248, 'barrio'), (571, 'Alpine', 434, 'vereda'), (572, 'Debs', 250, 'vereda'), (573, 'Meadow Ridge', 30, 'barrio'), (574, 'Esch', 432, 'barrio'), (575, 'Hoard', 73, 'vereda'), (576, 'Di Loreto', 312, 'vereda'), (577, 'Corben', 139, 'barrio'), (578, 'Sycamore', 588, 'vereda'), (579, 'Comanche', 187, 'barrio'), (580, 'Sloan', 470, 'vereda'), (581, 'Kings', 114, 'vereda'), (582, 'Thompson', 190, 'vereda'), (583, 'Crest Line', 487, 'vereda'), (584, 'Ohio', 261, 'barrio'), (585, 'Dahle', 556, 'vereda'), (586, 'Arrowood', 479, 'barrio'), (587, 'Basil', 437, 'vereda'), (588, 'Cascade', 19, 'vereda'), (589, 'Talmadge', 231, 'barrio'), (590, 'Utah', 235, 'vereda'), (591, 'Kedzie', 599, 'vereda'), (592, 'Forest', 432, 'vereda'), (593, 'Burning Wood', 114, 'barrio'), (594, 'Fulton', 50, 'barrio'), (595, 'Stephen', 412, 'vereda'), (596, 'Meadow Valley', 406, 'vereda'), (597, 'Mariners Cove', 128, 'vereda'), (598, 'Summit', 34, 'barrio'), (599, 'Hauk', 362, 'barrio'), (600, 'Rockefeller', 449, 'vereda');


-- zona 2 parte:


INSERT INTO zona VALUES (601, 'Texas', 727, 'vereda'), (602, 'Merry', 1074, 'vereda'), (603, 'High Crossing', 668, 'barrio'), (604, 'Crowley', 931, 'barrio'), (605, 'Kingsford', 963, 'vereda'), (606, 'Becker', 883, 'vereda'), (607, 'Laurel', 618, 'barrio'), (608, 'Judy', 1066, 'vereda'), (609, 'Blackbird', 1053, 'vereda'), (610, 'Logan', 1060, 'barrio'), (611, 'Portage', 1003, 'vereda'), (612, 'Dahle', 650, 'barrio'), (613, 'Marcy', 641, 'vereda'), (614, 'Kropf', 822, 'vereda'), (615, 'Hintze', 1003, 'vereda'), (616, 'Cordelia', 976, 'vereda'), (617, 'Weeping Birch', 723, 'barrio'), (618, '8th', 817, 'barrio'), (619, 'Helena', 869, 'barrio'), (620, 'Brown', 1055, 'barrio'), (621, '7th', 619, 'barrio'), (622, 'Eagan', 1073, 'vereda'), (623, 'Kropf', 880, 'barrio'), (624, 'Elka', 622, 'vereda'), (625, 'Crest Line', 692, 'barrio'), (626, 'Debra', 694, 'barrio'), (627, 'Bobwhite', 988, 'barrio'), (628, 'Merry', 942, 'vereda'), (629, 'Hoard', 853, 'vereda'), (630, 'Luster', 917, 'vereda'), (631, 'Schlimgen', 662, 'vereda'), (632, 'Lake View', 769, 'vereda'), (633, 'American', 803, 'barrio'), (634, 'Alpine', 1032, 'vereda'), (635, 'Sundown', 1090, 'barrio'), (636, 'Brickson Park', 628, 'barrio'), (637, 'Parkside', 841, 'barrio'), (638, 'Harbort', 793, 'barrio'), (639, 'Tennessee', 998, 'barrio'), (640, 'Farmco', 764, 'barrio'), (641, 'Beilfuss', 1075, 'barrio'), (642, 'Northview', 725, 'barrio'), (643, 'Maple Wood', 649, 'barrio'), (644, 'Knutson', 870, 'barrio'), (645, '4th', 1058, 'barrio'), (646, 'Warrior', 1005, 'vereda'), (647, 'Green', 805, 'barrio'), (648, 'Acker', 893, 'barrio'), (649, 'Petterle', 684, 'barrio'), (650, 'Lillian', 849, 'barrio'), (651, 'Namekagon', 955, 'vereda'), (652, 'Hovde', 778, 'barrio'), (653, 'Norway Maple', 827, 'vereda'), (654, 'Sloan', 806, 'vereda'), (655, 'Londonderry', 642, 'barrio'), (656, 'Merry', 838, 'vereda'), (657, 'Carioca', 918, 'vereda'), (658, 'Sachs', 617, 'barrio'), (659, 'Tennessee', 626, 'barrio'), (660, 'Blue Bill Park', 752, 'barrio'), (661, 'Heath', 1054, 'vereda'), (662, 'Fordem', 1043, 'vereda'), (663, 'Bayside', 1027, 'vereda'), (664, 'Ruskin', 774, 'vereda'), (665, 'Birchwood', 961, 'barrio'), (666, 'Elka', 832, 'barrio'), (667, 'Coolidge', 875, 'vereda'), (668, 'Old Shore', 765, 'vereda'), (669, 'Sloan', 980, 'vereda'), (670, 'Fairfield', 668, 'vereda'), (671, 'Anhalt', 778, 'barrio'), (672, 'Thompson', 864, 'vereda'), (673, 'Luster', 695, 'barrio'), (674, 'Riverside', 1055, 'vereda'), (675, 'Harbort', 885, 'vereda'), (676, 'Messerschmidt', 668, 'vereda'), (677, 'West', 612, 'vereda'), (678, 'Harbort', 635, 'barrio'), (679, 'Harper', 913, 'vereda'), (680, 'Northwestern', 673, 'barrio'), (681, 'Upham', 909, 'vereda'), (682, 'Randy', 697, 'barrio'), (683, 'Lawn', 802, 'barrio'), (684, 'Sloan', 1063, 'vereda'), (685, 'Cottonwood', 698, 'vereda'), (686, 'Lake View', 704, 'vereda'), (687, 'Arapahoe', 724, 'barrio'), (688, 'Dunning', 726, 'barrio'), (689, 'Coleman', 926, 'barrio'), (690, 'Sunbrook', 989, 'vereda'), (691, 'Portage', 1022, 'vereda'), (692, 'Graceland', 760, 'barrio'), (693, 'Fuller', 853, 'vereda'), (694, 'Valley Edge', 991, 'barrio'), (695, 'Westridge', 909, 'barrio'), (696, 'Del Mar', 679, 'barrio'), (697, 'Lakeland', 987, 'barrio'), (698, 'Randy', 626, 'barrio'), (699, 'Commercial', 969, 'barrio'), (700, 'Roth', 680, 'barrio'), (701, 'Maywood', 839, 'barrio'), (702, 'Westend', 771, 'vereda'), (703, 'Red Cloud', 968, 'vereda'), (704, 'Briar Crest', 826, 'barrio'), (705, 'Scofield', 805, 'vereda'), (706, 'Beilfuss', 663, 'vereda'), (707, 'Superior', 859, 'barrio'), (708, 'Sachs', 895, 'vereda'), (709, 'Gale', 1083, 'barrio'), (710, 'Donald', 846, 'vereda'), (711, 'Morningstar', 920, 'barrio'), (712, 'Hintze', 643, 'vereda'), (713, 'Waubesa', 659, 'barrio'), (714, 'Sommers', 809, 'vereda'), (715, 'South', 998, 'vereda'), (716, 'Boyd', 761, 'barrio'), (717, 'Lerdahl', 929, 'vereda'), (718, 'Sycamore', 711, 'vereda'), (719, 'Northfield', 1070, 'vereda'), (720, 'Warner', 1031, 'vereda'), (721, 'Tennessee', 631, 'vereda'), (722, 'Schurz', 612, 'vereda'), (723, 'Spohn', 981, 'barrio'), (724, 'Farmco', 777, 'barrio'), (725, 'Granby', 605, 'vereda'), (726, 'Loeprich', 1023, 'barrio'), (727, 'Lerdahl', 633, 'vereda'), (728, 'Tennessee', 898, 'vereda'), (729, 'Waywood', 899, 'barrio'), (730, 'Ludington', 899, 'barrio'), (731, 'Dennis', 918, 'barrio'), (732, 'Cody', 710, 'vereda'), (733, 'Barby', 708, 'vereda'), (734, 'Burning Wood', 1004, 'vereda'), (735, 'Morningstar', 986, 'barrio'), (736, 'Hollow Ridge', 809, 'barrio'), (737, 'Sheridan', 1015, 'barrio'), (738, 'Moulton', 1077, 'barrio'), (739, 'Meadow Ridge', 898, 'vereda'), (740, 'Claremont', 879, 'vereda'), (741, 'Merrick', 814, 'vereda'), (742, 'Maywood', 603, 'barrio'), (743, 'Hermina', 916, 'vereda'), (744, 'Westridge', 869, 'barrio'), (745, 'Heffernan', 978, 'barrio'), (746, 'Rockefeller', 647, 'vereda'), (747, 'International', 660, 'vereda'), (748, 'Thackeray', 916, 'vereda'), (749, 'Comanche', 884, 'barrio'), (750, 'Westerfield', 753, 'barrio'), (751, 'Mcbride', 629, 'barrio'), (752, 'Graceland', 965, 'vereda'), (753, 'Charing Cross', 953, 'vereda'), (754, 'Ramsey', 828, 'vereda'), (755, 'Twin Pines', 668, 'barrio'), (756, 'Steensland', 620, 'barrio'), (757, 'Ridge Oak', 1026, 'barrio'), (758, '3rd', 1039, 'vereda'), (759, 'Talmadge', 639, 'vereda'), (760, 'Annamark', 946, 'barrio'), (761, 'Hanson', 921, 'barrio'), (762, 'Chive', 678, 'vereda'), (763, 'Division', 856, 'vereda'), (764, 'Troy', 676, 'vereda'), (765, 'Homewood', 873, 'barrio'), (766, 'Ludington', 927, 'barrio'), (767, 'Mallard', 702, 'barrio'), (768, 'Sutteridge', 880, 'vereda'), (769, 'Twin Pines', 1050, 'vereda'), (770, 'Chinook', 619, 'barrio'), (771, 'Fieldstone', 898, 'vereda'), (772, 'Dawn', 1038, 'barrio'), (773, 'Arkansas', 622, 'vereda'), (774, 'Karstens', 933, 'vereda'), (775, 'Linden', 962, 'vereda'), (776, 'Esch', 1031, 'vereda'), (777, 'Springs', 1085, 'barrio'), (778, 'Westend', 858, 'barrio'), (779, 'Hintze', 1095, 'barrio'), (780, 'Parkside', 698, 'barrio'), (781, 'Comanche', 874, 'barrio'), (782, 'Vera', 894, 'vereda'), (783, 'Lawn', 1066, 'vereda'), (784, 'Dottie', 736, 'vereda'), (785, 'Londonderry', 795, 'barrio'), (786, 'Caliangt', 622, 'barrio'), (787, '6th', 873, 'barrio'), (788, 'Cardinal', 791, 'vereda'), (789, 'Weeping Birch', 1086, 'barrio'), (790, 'Gateway', 618, 'barrio'), (791, 'Straubel', 793, 'barrio'), (792, 'Goodland', 801, 'barrio'), (793, 'Susan', 835, 'barrio'), (794, 'Carpenter', 703, 'barrio'), (795, 'Bonner', 655, 'barrio'), (796, 'Jana', 1080, 'barrio'), (797, 'Esch', 853, 'vereda'), (798, 'Randy', 639, 'vereda'), (799, 'Coolidge', 877, 'vereda'), (800, 'Grover', 753, 'barrio'), (801, 'Dapin', 641, 'vereda'), (802, 'Reindahl', 800, 'barrio'), (803, 'Nevada', 746, 'vereda'), (804, 'Hintze', 1016, 'vereda'), (805, 'Memorial', 663, 'vereda'), (806, 'Nelson', 797, 'barrio'), (807, 'Petterle', 1034, 'barrio'), (808, 'Mesta', 1065, 'vereda'), (809, 'Sachs', 868, 'barrio'), (810, 'Milwaukee', 812, 'barrio'), (811, 'Rusk', 646, 'barrio'), (812, 'Bluestem', 928, 'barrio'), (813, 'Dovetail', 697, 'barrio'), (814, 'Melvin', 897, 'barrio'), (815, 'Longview', 853, 'barrio'), (816, 'Bluestem', 841, 'vereda'), (817, 'Prentice', 756, 'vereda'), (818, 'Sutteridge', 784, 'barrio'), (819, 'Granby', 1036, 'barrio'), (820, 'Kenwood', 649, 'barrio'), (821, 'Clemons', 1033, 'barrio'), (822, 'Manitowish', 1019, 'vereda'), (823, 'Dexter', 1066, 'vereda'), (824, 'Summer Ridge', 797, 'vereda'), (825, 'Rockefeller', 885, 'barrio'), (826, 'Hovde', 1072, 'vereda'), (827, 'Farmco', 679, 'vereda'), (828, 'Mesta', 647, 'barrio'), (829, 'Tomscot', 909, 'vereda'), (830, 'Eastwood', 803, 'barrio'), (831, 'Thackeray', 854, 'barrio'), (832, 'Moose', 689, 'vereda'), (833, 'Monica', 730, 'barrio'), (834, 'John Wall', 969, 'barrio'), (835, 'Fulton', 1082, 'barrio'), (836, 'Charing Cross', 690, 'barrio'), (837, 'Westport', 986, 'barrio'), (838, 'Eagle Crest', 650, 'vereda'), (839, 'Eliot', 821, 'vereda'), (840, 'Hoepker', 841, 'vereda'), (841, 'Fairfield', 803, 'barrio'), (842, 'Monica', 1003, 'barrio'), (843, 'Rowland', 757, 'vereda'), (844, 'Towne', 774, 'vereda'), (845, 'Gateway', 1094, 'vereda'), (846, 'Lindbergh', 1022, 'barrio'), (847, 'Ridgeway', 1079, 'barrio'), (848, 'Sutteridge', 1053, 'vereda'), (849, 'Schmedeman', 1038, 'barrio'), (850, 'Pond', 655, 'vereda'), (851, 'Ohio', 747, 'vereda'), (852, 'Lillian', 748, 'barrio'), (853, 'Sommers', 630, 'barrio'), (854, 'Bay', 615, 'vereda'), (855, 'Clyde Gallagher', 1039, 'barrio'), (856, 'Farwell', 716, 'barrio'), (857, 'Westridge', 835, 'vereda'), (858, 'Kropf', 675, 'barrio'), (859, 'Anniversary', 893, 'barrio'), (860, 'Golf', 795, 'vereda'), (861, 'Evergreen', 830, 'vereda'), (862, 'Bowman', 1030, 'barrio'), (863, 'Ridge Oak', 934, 'barrio'), (864, 'Claremont', 757, 'vereda'), (865, 'Lukken', 945, 'barrio'), (866, 'Oak', 696, 'vereda'), (867, 'Johnson', 1022, 'vereda'), (868, 'Upham', 750, 'vereda'), (869, 'Butterfield', 755, 'vereda'), (870, 'David', 622, 'vereda'), (871, 'Morningstar', 779, 'vereda'), (872, 'Summerview', 884, 'barrio'), (873, 'Logan', 898, 'vereda'), (874, 'Linden', 870, 'vereda'), (875, 'Gerald', 804, 'barrio'), (876, 'Swallow', 620, 'barrio'), (877, 'Sugar', 1100, 'vereda'), (878, 'Green Ridge', 883, 'vereda'), (879, 'Ridge Oak', 840, 'vereda'), (880, 'Dwight', 716, 'barrio'), (881, 'Grayhawk', 817, 'vereda'), (882, 'Hayes', 835, 'vereda'), (883, 'Warrior', 1086, 'barrio'), (884, 'Lillian', 766, 'barrio'), (885, 'Grasskamp', 1011, 'barrio'), (886, 'Talmadge', 742, 'barrio'), (887, 'Jay', 940, 'barrio'), (888, 'Goodland', 993, 'vereda'), (889, 'Summer Ridge', 1082, 'barrio'), (890, 'Mallory', 611, 'vereda'), (891, 'Loomis', 979, 'vereda'), (892, 'Katie', 891, 'vereda'), (893, 'Vahlen', 841, 'vereda'), (894, 'Fulton', 1000, 'vereda'), (895, 'Parkside', 918, 'vereda'), (896, 'Mandrake', 1040, 'vereda'), (897, 'Dexter', 713, 'barrio'), (898, 'Carberry', 1064, 'barrio'), (899, 'Granby', 771, 'vereda'), (900, 'Menomonie', 733, 'vereda'), (901, 'Haas', 979, 'barrio'), (902, 'John Wall', 923, 'vereda'), (903, 'Coolidge', 791, 'barrio'), (904, 'Luster', 933, 'vereda'), (905, 'Messerschmidt', 729, 'barrio'), (906, 'Bowman', 671, 'barrio'), (907, 'Killdeer', 972, 'barrio'), (908, 'Texas', 634, 'vereda'), (909, 'Rowland', 708, 'barrio'), (910, 'Mcguire', 959, 'barrio'), (911, 'Di Loreto', 824, 'barrio'), (912, 'Hansons', 695, 'vereda'), (913, 'Sutteridge', 893, 'barrio'), (914, 'Oriole', 1075, 'vereda'), (915, 'Waywood', 725, 'vereda'), (916, 'Menomonie', 899, 'vereda'), (917, 'Basil', 893, 'barrio'), (918, 'Buena Vista', 1021, 'vereda'), (919, 'Kingsford', 853, 'vereda'), (920, 'Basil', 793, 'vereda'), (921, 'Mallard', 944, 'vereda'), (922, 'Caliangt', 728, 'vereda'), (923, 'Straubel', 1026, 'vereda'), (924, 'Meadow Vale', 866, 'barrio'), (925, 'Center', 760, 'barrio'), (926, 'Larry', 700, 'barrio'), (927, 'Oak', 621, 'vereda'), (928, 'Heffernan', 997, 'vereda'), (929, 'Bultman', 710, 'vereda'), (930, 'Gerald', 1013, 'barrio'), (931, 'Carey', 812, 'barrio'), (932, 'Express', 672, 'barrio'), (933, 'Pawling', 874, 'vereda'), (934, 'Clyde Gallagher', 685, 'barrio'), (935, 'Warbler', 873, 'barrio'), (936, 'Carioca', 1033, 'barrio'), (937, 'Ilene', 635, 'vereda'), (938, 'Longview', 1041, 'vereda'), (939, 'Arkansas', 921, 'barrio'), (940, 'Walton', 1049, 'barrio'), (941, 'Mandrake', 671, 'vereda'), (942, 'Village', 674, 'barrio'), (943, 'Ludington', 895, 'vereda'), (944, 'Green', 958, 'barrio'), (945, '5th', 825, 'vereda'), (946, 'Old Shore', 1039, 'barrio'), (947, 'Crownhardt', 971, 'barrio'), (948, 'Colorado', 644, 'barrio'), (949, 'Novick', 770, 'vereda'), (950, 'Forster', 834, 'barrio'), (951, 'Old Shore', 818, 'barrio'), (952, 'Cambridge', 875, 'vereda'), (953, 'Morningstar', 1075, 'vereda'), (954, 'Rusk', 636, 'vereda'), (955, 'Pepper Wood', 929, 'vereda'), (956, 'Sutherland', 731, 'vereda'), (957, 'Eagan', 1009, 'barrio'), (958, 'Mosinee', 603, 'barrio'), (959, 'Drewry', 964, 'barrio'), (960, 'Jackson', 959, 'vereda'), (961, 'Kipling', 904, 'barrio'), (962, 'Summerview', 990, 'vereda'), (963, 'Dawn', 1019, 'barrio'), (964, 'Havey', 1059, 'barrio'), (965, 'Mifflin', 1063, 'barrio'), (966, 'Luster', 695, 'barrio'), (967, 'Basil', 839, 'barrio'), (968, 'Jana', 608, 'vereda'), (969, 'Fieldstone', 1068, 'barrio'), (970, 'Pawling', 876, 'barrio'), (971, 'Hanson', 723, 'barrio'), (972, 'Marcy', 827, 'barrio'), (973, 'Saint Paul', 754, 'barrio'), (974, 'Donald', 732, 'barrio'), (975, 'Village Green', 1063, 'barrio'), (976, 'Lawn', 784, 'vereda'), (977, 'Cardinal', 735, 'barrio'), (978, 'Carioca', 1002, 'barrio'), (979, 'Washington', 962, 'barrio'), (980, 'Forest', 957, 'vereda'), (981, 'Miller', 880, 'vereda'), (982, '6th', 629, 'vereda'), (983, 'Cascade', 1065, 'barrio'), (984, 'Miller', 609, 'vereda'), (985, 'Scoville', 1029, 'barrio'), (986, 'Clove', 1085, 'vereda'), (987, 'Sheridan', 913, 'vereda'), (988, 'Fair Oaks', 927, 'barrio'), (989, 'Duke', 872, 'barrio'), (990, 'Pepper Wood', 948, 'vereda'), (991, 'Melvin', 725, 'barrio'), (992, 'Old Gate', 624, 'barrio'), (993, 'Blue Bill Park', 863, 'vereda'), (994, 'Randy', 828, 'barrio'), (995, 'Mockingbird', 1040, 'barrio'), (996, 'Pine View', 870, 'vereda'), (997, 'Namekagon', 608, 'barrio'), (998, 'Nobel', 635, 'barrio'), (999, 'Main', 1039, 'vereda'), (1000, 'Ryan', 643, 'vereda'), (1001, 'Schiller', 1049, 'barrio'), (1002, 'Rigney', 900, 'vereda'), (1003, 'Farmco', 669, 'vereda'), (1004, 'Golf Course', 880, 'barrio'), (1005, 'Darwin', 917, 'vereda'), (1006, 'Summer Ridge', 856, 'barrio'), (1007, 'Rockefeller', 1017, 'vereda'), (1008, 'Hanson', 626, 'barrio'), (1009, 'Havey', 1062, 'vereda'), (1010, 'Grover', 946, 'vereda'), (1011, 'Milwaukee', 931, 'barrio'), (1012, 'Northridge', 808, 'vereda'), (1013, 'Ronald Regan', 987, 'vereda'), (1014, 'Corscot', 803, 'vereda'), (1015, 'Melby', 601, 'vereda'), (1016, 'Dwight', 915, 'barrio'), (1017, 'Rowland', 633, 'barrio'), (1018, 'Shoshone', 982, 'vereda'), (1019, 'Vahlen', 634, 'vereda'), (1020, 'Derek', 629, 'vereda'), (1021, 'Elgar', 835, 'vereda'), (1022, 'Tennessee', 676, 'vereda'), (1023, 'Maple Wood', 762, 'barrio'), (1024, 'Lake View', 1006, 'vereda'), (1025, 'Marcy', 1019, 'barrio'), (1026, 'Stephen', 709, 'barrio'), (1027, 'Roth', 716, 'vereda'), (1028, 'Anderson', 1070, 'vereda'), (1029, 'Kingsford', 779, 'vereda'), (1030, 'David', 1056, 'vereda'), (1031, 'Dayton', 1042, 'barrio'), (1032, 'Westport', 609, 'vereda'), (1033, 'Merry', 651, 'vereda'), (1034, 'Debs', 1046, 'barrio'), (1035, 'Vermont', 1060, 'barrio'), (1036, 'Bay', 995, 'vereda'), (1037, 'Lake View', 1051, 'vereda'), (1038, 'Mccormick', 1023, 'barrio'), (1039, 'Springview', 702, 'vereda'), (1040, 'International', 732, 'barrio'), (1041, 'Superior', 752, 'barrio'), (1042, 'Lakewood Gardens', 713, 'barrio'), (1043, 'Toban', 679, 'vereda'), (1044, 'Mallory', 618, 'barrio'), (1045, 'Pennsylvania', 1002, 'vereda'), (1046, 'Meadow Valley', 953, 'barrio'), (1047, 'Hazelcrest', 602, 'barrio'), (1048, 'Havey', 637, 'barrio'), (1049, 'Mcguire', 795, 'vereda'), (1050, '2nd', 1035, 'vereda'), (1051, 'Bunting', 770, 'barrio'), (1052, 'Bay', 730, 'barrio'), (1053, 'Elka', 647, 'vereda'), (1054, 'International', 770, 'barrio'), (1055, 'Eastlawn', 1083, 'vereda'), (1056, 'Mockingbird', 1057, 'barrio'), (1057, 'Burrows', 621, 'vereda'), (1058, 'Lukken', 984, 'vereda'), (1059, 'Birchwood', 857, 'barrio'), (1060, 'Fairview', 817, 'vereda'), (1061, 'Saint Paul', 803, 'barrio'), (1062, 'Lakewood', 750, 'vereda'), (1063, 'Corry', 951, 'vereda'), (1064, 'Stoughton', 661, 'barrio'), (1065, 'Meadow Ridge', 645, 'barrio'), (1066, 'Dwight', 778, 'barrio'), (1067, 'Vera', 759, 'barrio'), (1068, '7th', 612, 'vereda'), (1069, 'Carberry', 727, 'vereda'), (1070, 'Johnson', 918, 'vereda'), (1071, 'Moland', 1059, 'barrio'), (1072, 'Spenser', 696, 'barrio'), (1073, 'Karstens', 630, 'barrio'), (1074, 'Welch', 892, 'barrio'), (1075, 'Luster', 701, 'barrio'), (1076, 'Hoffman', 838, 'barrio'), (1077, 'Garrison', 918, 'barrio'), (1078, 'Cherokee', 624, 'vereda'), (1079, 'Artisan', 1070, 'vereda'), (1080, 'Warner', 802, 'barrio'), (1081, 'Jay', 889, 'vereda'), (1082, 'Toban', 957, 'barrio'), (1083, 'Dakota', 968, 'vereda'), (1084, 'New Castle', 1092, 'vereda'), (1085, 'Grasskamp', 755, 'vereda'), (1086, 'Stephen', 621, 'barrio'), (1087, 'Browning', 691, 'vereda'), (1088, 'David', 846, 'barrio'), (1089, 'Springview', 673, 'barrio'), (1090, 'Saint Paul', 657, 'vereda'), (1091, 'Pearson', 843, 'vereda'), (1092, 'American Ash', 937, 'barrio'), (1093, 'North', 848, 'vereda'), (1094, 'Dwight', 848, 'barrio'), (1095, 'Banding', 864, 'barrio'), (1096, 'Boyd', 1029, 'vereda'), (1097, 'Lyons', 624, 'vereda'), (1098, 'Cardinal', 971, 'barrio'), (1099, 'Twin Pines', 933, 'vereda'), (1100, '2nd', 745, 'barrio');


-- vivienda 1 parte:


INSERT INTO vivienda VALUES (1, '3 Loomis Plaza', 1184, 2, 507), (2, '3557 Summer Ridge Pass', 945, 1, 352), (3, '984 Lawn Drive', 237, 4, 167), (4, '396 Maple Wood Street', 555, 3, 788), (5, '2 Red Cloud Court', 957, 5, 762), (6, '92315 Dexter Road', 804, 1, 316), (7, '05532 Karstens Plaza', 134, 3, 262), (8, '2852 Twin Pines Pass', 935, 4, 699), (9, '0 Meadow Ridge Center', 303, 4, 692), (10, '71672 Upham Circle', 696, 5, 107), (11, '6610 Vermont Way', 611, 6, 888), (12, '37003 Lake View Point', 928, 6, 264), (13, '96 Meadow Vale Lane', 807, 6, 48), (14, '088 Badeau Street', 978, 2, 650), (15, '9268 Stephen Parkway', 523, 5, 439), (16, '349 Walton Point', 496, 6, 250), (17, '19 Acker Street', 408, 5, 772), (18, '52 Gulseth Place', 343, 1, 970), (19, '707 Magdeline Point', 129, 6, 732), (20, '872 Straubel Pass', 784, 4, 287), (21, '4 Marquette Circle', 991, 5, 1067), (22, '1 Katie Circle', 88, 5, 695), (23, '9 Ridgeview Parkway', 810, 6, 834), (24, '2 Susan Drive', 361, 6, 1019), (25, '28 Briar Crest Terrace', 769, 4, 378), (26, '2 Cherokee Drive', 1164, 5, 443), (27, '381 Menomonie Alley', 640, 3, 712), (28, '69 Springs Point', 980, 5, 401), (29, '922 Graceland Way', 534, 4, 279), (30, '15 Rusk Court', 539, 4, 613), (31, '87 Cambridge Hill', 524, 4, 252), (32, '71 Nevada Lane', 794, 1, 1099), (33, '95476 Bowman Lane', 829, 2, 208), (34, '475 Dapin Avenue', 202, 2, 577), (35, '63952 Delladonna Alley', 1127, 5, 768), (36, '66061 Fisk Road', 407, 4, 761), (37, '1 Donald Alley', 716, 2, 80), (38, '57949 Vidon Parkway', 755, 6, 168), (39, '4 Warner Pass', 204, 3, 689), (40, '8433 Northfield Center', 1021, 2, 714), (41, '57376 Ludington Court', 761, 5, 356), (42, '4672 Warrior Avenue', 225, 2, 555), (43, '97093 Warbler Crossing', 292, 1, 923), (44, '1014 Grasskamp Crossing', 342, 2, 794), (45, '178 Crownhardt Crossing', 625, 4, 871), (46, '39668 Rigney Avenue', 978, 5, 534), (47, '58 Hintze Alley', 590, 1, 240), (48, '6051 Village Road', 124, 5, 334), (49, '7 Pawling Junction', 318, 3, 410), (50, '98 Fuller Center', 433, 6, 906), (51, '91526 American Plaza', 703, 5, 706), (52, '60450 Schiller Alley', 719, 6, 190), (53, '8 Esker Crossing', 375, 1, 126), (54, '9 Nevada Drive', 918, 6, 557), (55, '25754 Sage Pass', 946, 5, 1084), (56, '29 Welch Avenue', 610, 3, 235), (57, '623 Cardinal Drive', 520, 4, 842), (58, '75015 Merchant Point', 1101, 4, 475), (59, '9 Duke Road', 127, 2, 564), (60, '07 Prairie Rose Road', 431, 3, 377), (61, '599 Sherman Street', 532, 5, 226), (62, '641 Grayhawk Drive', 492, 4, 87), (63, '36 Forest Trail', 232, 3, 758), (64, '8751 Kings Way', 786, 1, 354), (65, '42 Westport Trail', 740, 2, 712), (66, '4 Summit Drive', 1126, 6, 780), (67, '69647 Anniversary Trail', 1010, 4, 930), (68, '969 Lighthouse Bay Plaza', 424, 4, 886), (69, '6 Blaine Lane', 1107, 6, 89), (70, '01650 Fisk Junction', 597, 1, 372), (71, '9 Sullivan Junction', 87, 1, 854), (72, '86432 Golf Course Junction', 562, 3, 154), (73, '4967 Sloan Plaza', 251, 4, 1061), (74, '4304 Kim Hill', 536, 1, 438), (75, '74659 Hoard Lane', 694, 2, 529), (76, '0685 Forster Road', 722, 4, 585), (77, '277 Corben Trail', 990, 5, 742), (78, '4016 Dahle Crossing', 591, 5, 660), (79, '72335 Walton Plaza', 793, 6, 303), (80, '229 Mayfield Center', 574, 3, 682), (81, '3113 Havey Hill', 1108, 3, 324), (82, '95 Derek Drive', 206, 4, 881), (83, '4 Killdeer Street', 807, 6, 287), (84, '5177 Park Meadow Point', 332, 6, 540), (85, '6 Duke Point', 111, 1, 99), (86, '94321 Sycamore Lane', 805, 6, 230), (87, '927 Columbus Way', 1135, 6, 957), (88, '5209 Pierstorff Terrace', 498, 3, 262), (89, '89881 Cherokee Court', 104, 5, 721), (90, '5 Russell Circle', 402, 3, 1024), (91, '7244 Stang Place', 1026, 5, 73), (92, '38 Jana Park', 984, 3, 809), (93, '38 Messerschmidt Parkway', 1087, 1, 48), (94, '45 Morrow Avenue', 423, 6, 929), (95, '6450 Birchwood Center', 421, 6, 57), (96, '55 Rieder Terrace', 722, 3, 443), (97, '426 Bunting Avenue', 397, 2, 395), (98, '19 Ridge Oak Point', 266, 4, 479), (99, '21090 Holmberg Plaza', 1100, 1, 793), (100, '336 Westport Trail', 290, 3, 810), (101, '841 Hovde Lane', 644, 2, 71), (102, '663 Stoughton Park', 850, 1, 953), (103, '4 Farmco Hill', 718, 6, 953), (104, '394 Chive Park', 839, 1, 868), (105, '9 Longview Drive', 442, 5, 873), (106, '476 Jenna Road', 1025, 5, 278), (107, '09 Donald Trail', 513, 3, 996), (108, '01 Manitowish Junction', 1060, 4, 845), (109, '0 Kim Road', 1076, 4, 713), (110, '18520 Holy Cross Parkway', 841, 3, 164), (111, '7039 East Pass', 277, 1, 903), (112, '8998 Clove Alley', 321, 2, 765), (113, '202 Maple Wood Drive', 1052, 6, 741), (114, '3 Merry Way', 643, 6, 355), (115, '7 Carioca Court', 580, 6, 145), (116, '3 Chinook Road', 199, 3, 176), (117, '1 Drewry Trail', 395, 5, 1089), (118, '35 Caliangt Park', 94, 2, 82), (119, '44996 Vermont Avenue', 563, 1, 879), (120, '8 Debs Way', 725, 1, 349), (121, '178 Maple Trail', 773, 1, 1031), (122, '365 Shasta Park', 1044, 3, 204), (123, '6 Norway Maple Place', 700, 2, 97), (124, '7312 Wayridge Parkway', 294, 4, 569), (125, '1884 South Crossing', 519, 3, 999), (126, '85238 Blue Bill Park Way', 540, 1, 82), (127, '9033 Scott Place', 121, 2, 157), (128, '41010 Lake View Center', 1004, 2, 169), (129, '439 Burrows Park', 813, 6, 1067), (130, '03845 Colorado Plaza', 392, 4, 847), (131, '9506 Butterfield Center', 363, 3, 658), (132, '8 Fuller Place', 1090, 2, 409), (133, '4 Jackson Hill', 630, 3, 298), (134, '15 Florence Avenue', 383, 2, 366), (135, '250 Texas Place', 146, 3, 221), (136, '76555 Gerald Lane', 1029, 1, 269), (137, '37834 Veith Park', 1199, 2, 727), (138, '4403 Gulseth Hill', 684, 4, 1032), (139, '0713 Tony Park', 103, 2, 344), (140, '72881 Reinke Plaza', 893, 5, 400), (141, '22 Express Court', 1189, 2, 696), (142, '21504 Sloan Court', 433, 3, 751), (143, '269 Mcguire Court', 776, 6, 28), (144, '42 Stuart Point', 294, 5, 720), (145, '5125 Grover Pass', 697, 5, 61), (146, '19 Manley Pass', 974, 3, 172), (147, '482 Village Parkway', 827, 1, 259), (148, '272 Coolidge Crossing', 699, 3, 1062), (149, '2947 Carpenter Lane', 245, 6, 942), (150, '02189 Dapin Plaza', 809, 2, 385), (151, '5 Forest Hill', 484, 6, 613), (152, '7 Carey Terrace', 498, 2, 460), (153, '734 Oneill Junction', 998, 5, 410), (154, '619 Golf Way', 1019, 6, 509), (155, '4 Sloan Street', 663, 4, 273), (156, '2541 Novick Court', 138, 4, 509), (157, '98 1st Road', 1148, 2, 118), (158, '776 Fulton Park', 1020, 4, 658), (159, '2 Dixon Junction', 755, 5, 833), (160, '6594 Bashford Avenue', 1198, 6, 533), (161, '12 Almo Road', 858, 2, 763), (162, '36 Mitchell Plaza', 622, 2, 250), (163, '72130 Forster Center', 476, 3, 823), (164, '4 Meadow Vale Place', 793, 6, 1006), (165, '9682 Kedzie Road', 493, 1, 128), (166, '9875 School Court', 671, 3, 181), (167, '80379 West Avenue', 646, 1, 699), (168, '346 Towne Drive', 1164, 1, 471), (169, '1038 Ohio Park', 490, 2, 57), (170, '4733 Nancy Terrace', 870, 3, 657), (171, '27484 Johnson Hill', 213, 5, 765), (172, '2663 Armistice Drive', 90, 1, 576), (173, '52 Michigan Circle', 881, 4, 756), (174, '28 Kedzie Circle', 364, 1, 345), (175, '83 Vidon Center', 179, 5, 611), (176, '021 Ridge Oak Drive', 464, 4, 178), (177, '8 Utah Court', 901, 2, 470), (178, '51808 Veith Way', 1058, 2, 1071), (179, '117 Golf View Lane', 736, 6, 870), (180, '0 Elgar Avenue', 854, 3, 305), (181, '23859 Lien Lane', 1096, 2, 140), (182, '4760 Sachtjen Parkway', 236, 2, 281), (183, '54655 Gina Hill', 1159, 1, 272), (184, '269 Ludington Way', 600, 5, 861), (185, '866 Pawling Crossing', 550, 1, 423), (186, '2 Shopko Way', 1025, 4, 382), (187, '8 Bunting Avenue', 820, 4, 1095), (188, '0658 Debs Point', 1178, 4, 406), (189, '87 Lotheville Drive', 1064, 6, 554), (190, '7151 Surrey Parkway', 245, 3, 430), (191, '31 Warbler Park', 219, 6, 565), (192, '41311 Mendota Parkway', 966, 1, 393), (193, '7 Swallow Park', 360, 5, 882), (194, '54640 Ruskin Street', 873, 2, 298), (195, '6890 Harper Hill', 755, 3, 851), (196, '696 Lukken Place', 82, 6, 796), (197, '448 David Street', 1048, 3, 53), (198, '90 Arizona Parkway', 299, 4, 454), (199, '6085 Toban Way', 1082, 1, 892), (200, '3 Sutteridge Avenue', 245, 3, 92), (201, '2565 Pond Road', 282, 5, 700), (202, '3057 Waubesa Crossing', 996, 2, 180), (203, '655 Ryan Circle', 669, 5, 641), (204, '7022 Bultman Drive', 313, 4, 471), (205, '7273 Northfield Trail', 846, 3, 182), (206, '7452 Clove Point', 670, 2, 212), (207, '8412 Surrey Street', 571, 1, 26), (208, '4 Gerald Road', 566, 5, 810), (209, '25579 Sauthoff Parkway', 1004, 5, 946), (210, '22072 Spaight Trail', 314, 5, 735), (211, '05220 Mockingbird Avenue', 1137, 5, 417), (212, '101 North Point', 875, 3, 266), (213, '4 Mockingbird Crossing', 445, 1, 474), (214, '726 Rieder Place', 1140, 1, 320), (215, '8399 Fallview Avenue', 762, 3, 134), (216, '9 Nobel Trail', 856, 3, 742), (217, '476 Summit Place', 306, 1, 730), (218, '66838 Kenwood Pass', 669, 3, 480), (219, '762 Cody Junction', 442, 5, 469), (220, '575 Vahlen Center', 509, 5, 849), (221, '8067 Fremont Circle', 272, 3, 517), (222, '6 Darwin Court', 203, 6, 909), (223, '3634 Crest Line Alley', 717, 5, 783), (224, '85 Colorado Hill', 451, 1, 323), (225, '4060 Maple Road', 725, 2, 564), (226, '92111 Springview Way', 469, 2, 761), (227, '5418 Merchant Trail', 1077, 3, 147), (228, '65 Huxley Circle', 397, 5, 114), (229, '18 Meadow Valley Park', 111, 2, 655), (230, '4 Lakeland Plaza', 291, 4, 542), (231, '28 Mayfield Center', 833, 6, 868), (232, '973 Chinook Terrace', 801, 1, 435), (233, '8651 Larry Junction', 915, 2, 288), (234, '3081 Arkansas Circle', 880, 4, 803), (235, '3246 Barby Way', 74, 4, 917), (236, '67379 Fordem Street', 729, 2, 286), (237, '32 Coleman Circle', 119, 3, 452), (238, '3350 Brown Drive', 957, 5, 86), (239, '97729 Armistice Road', 869, 1, 384), (240, '2 Swallow Place', 803, 5, 763), (241, '8 Myrtle Street', 376, 5, 980), (242, '8 Northridge Lane', 349, 6, 407), (243, '1 Northland Way', 1018, 4, 331), (244, '81 Express Way', 233, 3, 536), (245, '55 Becker Park', 892, 4, 132), (246, '2 Granby Terrace', 600, 4, 304), (247, '04 5th Place', 278, 4, 817), (248, '0622 Schmedeman Road', 1088, 1, 387), (249, '4315 Blaine Avenue', 452, 5, 74), (250, '95980 Butterfield Court', 541, 2, 513), (251, '87 Pepper Wood Center', 1083, 1, 292), (252, '2322 Victoria Drive', 705, 6, 377), (253, '3 Oriole Avenue', 897, 3, 39), (254, '6 Ilene Center', 869, 6, 977), (255, '229 Pennsylvania Avenue', 608, 6, 375), (256, '605 Oak Valley Pass', 548, 4, 188), (257, '26 Shoshone Alley', 1110, 2, 803), (258, '7 Merrick Road', 773, 2, 445), (259, '36318 Lindbergh Pass', 1191, 3, 374), (260, '6 Mockingbird Junction', 318, 3, 995), (261, '57097 Fuller Alley', 745, 4, 240), (262, '0 Oak Valley Pass', 866, 4, 427), (263, '24663 Ridgeway Avenue', 157, 4, 645), (264, '6304 Mesta Road', 1150, 3, 416), (265, '8 Dayton Pass', 1025, 1, 973), (266, '24 Scofield Parkway', 1008, 3, 926), (267, '97611 Kim Terrace', 839, 4, 323), (268, '28 Toban Point', 711, 5, 81), (269, '07 Vernon Center', 100, 3, 419), (270, '36 Summit Avenue', 585, 5, 566), (271, '655 Sheridan Way', 384, 6, 943), (272, '3 Oak Valley Drive', 275, 4, 439), (273, '9691 Grim Junction', 266, 4, 984), (274, '27994 Eastwood Park', 672, 1, 432), (275, '4980 Crownhardt Alley', 88, 4, 603), (276, '1633 Blue Bill Park Pass', 932, 6, 248), (277, '24 Butternut Circle', 1040, 2, 152), (278, '2534 Warner Junction', 1080, 5, 895), (279, '4 Glacier Hill Way', 442, 3, 1019), (280, '219 Bluejay Trail', 820, 4, 326), (281, '2969 Hazelcrest Court', 678, 6, 280), (282, '88599 Vidon Pass', 990, 6, 356), (283, '60372 Dryden Place', 565, 6, 883), (284, '47 Mayfield Way', 389, 4, 391), (285, '163 Rigney Trail', 797, 5, 974), (286, '943 Merry Terrace', 1078, 3, 223), (287, '190 Monument Avenue', 605, 1, 388), (288, '15 Elgar Court', 559, 2, 44), (289, '30814 Dovetail Park', 122, 3, 45), (290, '5370 Havey Trail', 322, 3, 842), (291, '6 4th Trail', 984, 2, 1014), (292, '66 Lien Lane', 598, 6, 925), (293, '961 Eastlawn Lane', 640, 5, 671), (294, '9164 Doe Crossing Alley', 360, 5, 340), (295, '755 Duke Center', 400, 4, 955), (296, '93444 Memorial Lane', 477, 1, 737), (297, '3949 Banding Trail', 982, 6, 54), (298, '842 Swallow Way', 369, 6, 306), (299, '3337 Moose Plaza', 1015, 4, 599), (300, '35475 Cottonwood Place', 1002, 2, 971), (301, '56390 Old Gate Court', 1147, 4, 820), (302, '080 Briar Crest Hill', 837, 4, 273), (303, '40031 Trailsway Point', 346, 6, 419), (304, '0623 Fremont Avenue', 84, 2, 975), (305, '471 Loftsgordon Center', 80, 3, 346), (306, '5182 Myrtle Drive', 1106, 1, 604), (307, '3314 Corben Drive', 190, 6, 503), (308, '27 David Road', 1126, 6, 53), (309, '6651 Heath Avenue', 1168, 5, 1039), (310, '9 Tennessee Avenue', 661, 2, 778), (311, '69083 Dryden Parkway', 219, 1, 283), (312, '60339 Longview Lane', 181, 2, 76), (313, '8 Nobel Alley', 173, 6, 2), (314, '85 Roxbury Point', 843, 1, 353), (315, '186 Macpherson Alley', 1177, 4, 863), (316, '0 Pepper Wood Circle', 1155, 6, 861), (317, '68 Anzinger Road', 939, 3, 11), (318, '32480 Glacier Hill Street', 780, 4, 826), (319, '68016 Dayton Road', 713, 6, 89), (320, '21760 Colorado Circle', 288, 5, 10), (321, '488 Scofield Place', 138, 1, 296), (322, '538 Riverside Plaza', 467, 6, 430), (323, '41205 Messerschmidt Court', 315, 4, 393), (324, '9 Clemons Pass', 1052, 3, 789), (325, '473 Westport Way', 341, 3, 622), (326, '8 Straubel Junction', 547, 2, 103), (327, '5779 Autumn Leaf Lane', 828, 4, 180), (328, '2303 Fallview Point', 1173, 4, 538), (329, '8 Transport Terrace', 180, 4, 377), (330, '5 Huxley Court', 602, 3, 8), (331, '30 Everett Terrace', 77, 1, 227), (332, '5698 Holmberg Parkway', 596, 1, 386), (333, '568 Dennis Place', 85, 1, 133), (334, '96425 Warrior Lane', 409, 6, 1048), (335, '380 Mayer Terrace', 323, 4, 177), (336, '4180 Florence Point', 1031, 2, 663), (337, '646 Canary Road', 91, 2, 752), (338, '4747 Miller Circle', 1021, 2, 740), (339, '433 Del Mar Junction', 132, 5, 398), (340, '68441 Vernon Drive', 1105, 2, 787), (341, '27022 Monica Alley', 169, 4, 82), (342, '2624 Mcguire Point', 910, 6, 623), (343, '02707 Charing Cross Court', 684, 3, 558), (344, '7 Schlimgen Trail', 142, 2, 830), (345, '34874 Bowman Junction', 1140, 5, 381), (346, '1557 Saint Paul Avenue', 1181, 5, 522), (347, '22 Bowman Alley', 830, 2, 393), (348, '1 Mcbride Terrace', 493, 2, 174), (349, '806 Miller Park', 767, 2, 844), (350, '4680 Anzinger Point', 783, 6, 1026), (351, '48324 Vera Trail', 772, 3, 1051), (352, '5865 Monterey Parkway', 576, 6, 278), (353, '03 Mockingbird Road', 920, 1, 411), (354, '7843 Westend Street', 294, 2, 895), (355, '128 Harper Parkway', 270, 4, 2), (356, '0 Fordem Pass', 956, 3, 1041), (357, '28218 Lerdahl Court', 319, 4, 91), (358, '5 Calypso Drive', 570, 4, 167), (359, '2282 Morrow Junction', 497, 5, 670), (360, '317 Old Gate Avenue', 1180, 3, 1036), (361, '4882 1st Pass', 831, 6, 417), (362, '34 Kenwood Parkway', 1034, 5, 474), (363, '891 Lunder Hill', 175, 6, 491), (364, '30246 Hagan Alley', 1060, 5, 687), (365, '08867 Lukken Parkway', 973, 1, 561), (366, '6188 Clove Crossing', 372, 1, 237), (367, '6695 Wayridge Hill', 628, 6, 239), (368, '3375 Corscot Crossing', 311, 1, 948), (369, '4497 Cardinal Pass', 908, 5, 1070), (370, '50153 Lillian Hill', 1062, 4, 130), (371, '5 Golf View Trail', 119, 3, 6), (372, '8 Bobwhite Junction', 1176, 1, 340), (373, '72 Gulseth Parkway', 669, 6, 753), (374, '7 La Follette Trail', 137, 4, 1072), (375, '6476 Rusk Circle', 118, 2, 477), (376, '0 Declaration Place', 459, 2, 767), (377, '8763 Bowman Road', 508, 5, 593), (378, '4 Lighthouse Bay Junction', 789, 6, 169), (379, '9 Mccormick Terrace', 520, 4, 723), (380, '450 Mendota Place', 816, 6, 406), (381, '966 Lakeland Center', 315, 6, 1099), (382, '999 Eagan Park', 777, 4, 768), (383, '69065 Crescent Oaks Lane', 527, 3, 651), (384, '9 Meadow Valley Street', 736, 5, 694), (385, '0 Sauthoff Hill', 198, 5, 588), (386, '86 Stang Terrace', 626, 4, 613), (387, '575 Summit Lane', 358, 2, 909), (388, '7 Marquette Road', 1143, 1, 742), (389, '2 Birchwood Point', 482, 2, 973), (390, '87 Coolidge Plaza', 1004, 5, 269), (391, '206 Oxford Street', 815, 2, 77), (392, '6 Calypso Junction', 1190, 5, 722), (393, '35 Caliangt Road', 1007, 1, 1048), (394, '6 Messerschmidt Terrace', 240, 2, 618), (395, '9866 Morningstar Trail', 334, 1, 115), (396, '5 Mesta Circle', 317, 6, 1038), (397, '9 Anderson Plaza', 119, 3, 247), (398, '5 Marcy Lane', 588, 4, 973), (399, '0 Havey Junction', 811, 6, 408), (400, '0949 Dixon Avenue', 334, 4, 5), (401, '57525 Gulseth Trail', 924, 2, 123), (402, '87 Park Meadow Point', 346, 3, 309), (403, '9 Pine View Alley', 1198, 3, 538), (404, '07648 Bunting Park', 539, 3, 1042), (405, '1726 Thompson Road', 754, 6, 1080), (406, '83 Bunker Hill Terrace', 576, 4, 986), (407, '50140 Kinsman Trail', 237, 6, 513), (408, '58 Cherokee Drive', 912, 5, 1024), (409, '011 Troy Pass', 637, 1, 34), (410, '82 Basil Plaza', 808, 4, 265), (411, '6595 Heffernan Avenue', 459, 3, 959), (412, '4135 Utah Trail', 610, 5, 953), (413, '714 Grayhawk Plaza', 419, 3, 302), (414, '37715 Northland Alley', 512, 3, 752), (415, '71 Barby Circle', 111, 2, 336), (416, '092 Forest Circle', 452, 2, 150), (417, '93 Spohn Pass', 870, 2, 445), (418, '026 Straubel Terrace', 452, 4, 743), (419, '16891 Redwing Point', 971, 5, 398), (420, '0 Monica Pass', 885, 1, 1021), (421, '4318 Surrey Plaza', 124, 2, 955), (422, '078 3rd Trail', 670, 6, 66), (423, '7 Meadow Ridge Trail', 354, 3, 335), (424, '34 Hoepker Plaza', 1179, 3, 302), (425, '24 Stephen Trail', 1146, 1, 216), (426, '850 Meadow Vale Plaza', 732, 4, 113), (427, '91 Dwight Avenue', 516, 6, 616), (428, '5593 Kenwood Alley', 129, 6, 265), (429, '120 5th Trail', 1005, 2, 981), (430, '242 Hermina Plaza', 200, 5, 210), (431, '982 Pleasure Court', 452, 4, 814), (432, '87 Twin Pines Point', 774, 3, 101), (433, '10046 Sachs Circle', 331, 4, 171), (434, '85209 Moose Terrace', 572, 2, 50), (435, '2435 Sauthoff Junction', 338, 6, 849), (436, '8949 Ryan Street', 676, 4, 129), (437, '05 Lillian Center', 1167, 6, 491), (438, '998 Westend Terrace', 174, 4, 831), (439, '509 Coolidge Parkway', 919, 1, 587), (440, '3687 Mayfield Trail', 654, 2, 600), (441, '9 High Crossing Trail', 590, 1, 1097), (442, '45 Norway Maple Lane', 488, 1, 408), (443, '15883 Alpine Crossing', 858, 6, 163), (444, '31 Parkside Circle', 485, 4, 98), (445, '5736 Homewood Place', 446, 6, 261), (446, '7365 Glendale Hill', 849, 5, 927), (447, '3 Browning Court', 252, 4, 40), (448, '72 Fairview Pass', 738, 2, 24), (449, '70 Novick Terrace', 1058, 2, 1100), (450, '16 2nd Avenue', 603, 2, 284), (451, '10235 Barnett Park', 634, 6, 959), (452, '26 Mallory Parkway', 1027, 3, 625), (453, '932 Marquette Place', 348, 3, 41), (454, '62 Mcbride Trail', 1049, 3, 723), (455, '4189 Morning Place', 929, 3, 1015), (456, '74 Golf Course Plaza', 232, 4, 362), (457, '839 Hanson Drive', 701, 2, 363), (458, '1561 Mayfield Crossing', 580, 3, 192), (459, '202 Mayer Way', 252, 2, 791), (460, '7 Crownhardt Junction', 1092, 6, 1027), (461, '14 Ohio Trail', 755, 6, 379), (462, '68 Donald Plaza', 523, 6, 682), (463, '42 Oriole Hill', 1163, 4, 635), (464, '5 Paget Way', 441, 2, 431), (465, '49782 Daystar Point', 144, 4, 335), (466, '00291 Crowley Court', 591, 4, 22), (467, '6 Morningstar Lane', 166, 4, 370), (468, '157 Grover Avenue', 332, 5, 694), (469, '22 Lien Lane', 866, 2, 928), (470, '4 Judy Point', 706, 5, 266), (471, '92 Erie Lane', 832, 6, 574), (472, '8 Larry Circle', 332, 1, 1030), (473, '4499 Hanover Way', 605, 1, 352), (474, '097 East Avenue', 361, 3, 302), (475, '04460 Summerview Pass', 865, 4, 660), (476, '238 Lakeland Junction', 917, 6, 471), (477, '72 Memorial Park', 1019, 5, 596), (478, '91 Warrior Place', 264, 2, 9), (479, '81135 Anzinger Lane', 970, 6, 271), (480, '49774 Veith Terrace', 665, 3, 783), (481, '7 Sundown Road', 973, 6, 457), (482, '4979 Arizona Drive', 944, 6, 1020), (483, '7 Warrior Alley', 912, 5, 251), (484, '4 Longview Road', 1032, 5, 300), (485, '4 Dryden Hill', 432, 5, 724), (486, '79895 Westport Avenue', 937, 1, 3), (487, '20 Hudson Point', 402, 4, 678), (488, '097 Muir Road', 981, 1, 167), (489, '719 Jay Lane', 722, 3, 1054), (490, '83 Lighthouse Bay Road', 495, 1, 7), (491, '697 Mayer Pass', 245, 6, 534), (492, '6898 Eagle Crest Alley', 550, 6, 565), (493, '3966 Rieder Center', 702, 2, 785), (494, '4616 Holy Cross Avenue', 1110, 3, 542), (495, '8 Warrior Plaza', 423, 6, 137), (496, '1663 Milwaukee Center', 667, 3, 590), (497, '63078 Weeping Birch Road', 1116, 4, 361), (498, '655 Morningstar Way', 996, 4, 53), (499, '94 Maple Wood Junction', 829, 4, 56), (500, '44 Redwing Pass', 120, 5, 504), (501, '47 3rd Parkway', 334, 6, 179), (502, '28 Eggendart Alley', 630, 5, 99), (503, '425 Kinsman Crossing', 193, 6, 272), (504, '09472 Farmco Trail', 188, 5, 1006), (505, '5 Mesta Crossing', 257, 4, 764), (506, '472 Portage Junction', 1097, 6, 912), (507, '1460 Lakewood Gardens Alley', 343, 1, 354), (508, '40 Warbler Plaza', 617, 6, 982), (509, '20 Heath Plaza', 651, 4, 1053), (510, '1267 Ramsey Drive', 875, 4, 90), (511, '7 Arrowood Parkway', 104, 4, 646), (512, '9719 Oxford Plaza', 649, 3, 1076), (513, '432 Roxbury Center', 535, 5, 237), (514, '9490 Susan Drive', 375, 5, 175), (515, '2144 Bluejay Alley', 73, 3, 826), (516, '1 Charing Cross Plaza', 195, 4, 1053), (517, '9 Jenifer Avenue', 350, 1, 85), (518, '07 Forster Street', 549, 3, 443), (519, '35 Buhler Place', 634, 6, 373), (520, '81 Summit Parkway', 356, 2, 1006), (521, '5 Farwell Drive', 344, 3, 269), (522, '5 Dwight Road', 346, 3, 152), (523, '523 Gina Parkway', 703, 6, 150), (524, '8 Westport Terrace', 492, 2, 512), (525, '72 Loomis Circle', 906, 4, 687), (526, '5920 Namekagon Lane', 189, 3, 235), (527, '4294 Esch Avenue', 429, 6, 193), (528, '58220 Old Gate Parkway', 387, 4, 104), (529, '27080 Graedel Hill', 441, 4, 946), (530, '86427 Katie Circle', 1146, 1, 559), (531, '12180 Rowland Point', 574, 4, 87), (532, '6642 Clarendon Way', 403, 1, 416), (533, '7 Beilfuss Pass', 815, 2, 884), (534, '09007 Bartillon Place', 228, 6, 965), (535, '30946 Melody Place', 762, 5, 2), (536, '511 Ridgeway Parkway', 464, 6, 371), (537, '1 Portage Place', 693, 5, 932), (538, '4391 Wayridge Lane', 106, 6, 100), (539, '65789 Marquette Point', 1031, 2, 426), (540, '8012 Bellgrove Parkway', 986, 2, 750), (541, '29951 Weeping Birch Place', 1191, 2, 362), (542, '1 Delaware Court', 608, 4, 363), (543, '789 Pine View Alley', 998, 2, 1000), (544, '39697 Old Gate Terrace', 357, 3, 907), (545, '45 Lakeland Street', 386, 3, 695), (546, '8 Del Sol Street', 1078, 6, 1035), (547, '27 Valley Edge Hill', 920, 5, 14), (548, '58437 Florence Way', 1178, 2, 996), (549, '0367 Schlimgen Plaza', 287, 1, 1077), (550, '75 Fuller Crossing', 117, 3, 89), (551, '70 Arizona Street', 553, 6, 693), (552, '1 Eagle Crest Point', 686, 2, 207), (553, '86500 Heath Place', 145, 2, 326), (554, '41247 Cambridge Court', 370, 4, 958), (555, '05 Weeping Birch Crossing', 448, 4, 766), (556, '447 Fordem Lane', 455, 6, 1076), (557, '31772 Village Pass', 407, 2, 1019), (558, '6 Pleasure Way', 1093, 4, 985), (559, '83 Laurel Avenue', 1136, 5, 824), (560, '158 Sunfield Parkway', 1170, 1, 173), (561, '91903 Porter Drive', 254, 2, 988), (562, '434 Vahlen Crossing', 707, 2, 678), (563, '75 Crowley Circle', 983, 4, 488), (564, '9 Waubesa Crossing', 152, 1, 424), (565, '585 Hooker Drive', 966, 3, 875), (566, '9 Elmside Road', 309, 4, 171), (567, '51198 Milwaukee Lane', 790, 2, 870), (568, '8 Lake View Way', 226, 2, 49), (569, '8 Pine View Alley', 1133, 5, 60), (570, '0 Orin Alley', 600, 5, 70), (571, '64806 Kensington Court', 803, 1, 143), (572, '7 Darwin Avenue', 255, 4, 784), (573, '505 Crest Line Drive', 803, 3, 1036), (574, '9 Thierer Trail', 1171, 5, 32), (575, '4 Kedzie Place', 222, 2, 928), (576, '473 Dunning Junction', 1138, 3, 80), (577, '50248 Milwaukee Road', 385, 4, 527), (578, '1 Anhalt Way', 897, 6, 1006), (579, '97379 Division Park', 418, 5, 908), (580, '33 Norway Maple Avenue', 120, 6, 704), (581, '3 Summer Ridge Street', 771, 6, 549), (582, '5 Muir Center', 1074, 6, 28), (583, '0 Hooker Drive', 650, 2, 798), (584, '65786 Banding Alley', 839, 3, 334), (585, '689 Jenna Alley', 244, 3, 884), (586, '796 Larry Alley', 1019, 1, 728), (587, '967 Sachs Hill', 869, 2, 441), (588, '07669 Gateway Circle', 305, 2, 342), (589, '92769 Bluejay Junction', 638, 2, 411), (590, '6264 Dryden Trail', 1175, 1, 1076), (591, '84754 Dayton Road', 338, 4, 74), (592, '15743 Brentwood Point', 1088, 2, 1053), (593, '28 Gulseth Trail', 127, 4, 258), (594, '45124 Sheridan Terrace', 511, 1, 691), (595, '45654 Troy Crossing', 1097, 1, 430), (596, '6 Cambridge Point', 646, 4, 664), (597, '8 Forest Run Circle', 456, 3, 475), (598, '51888 Sage Parkway', 822, 1, 11), (599, '3 Brown Circle', 1077, 5, 198), (600, '93 Corscot Pass', 964, 4, 129), (601, '168 International Parkway', 1138, 2, 117), (602, '064 Lotheville Place', 753, 4, 616), (603, '055 Northridge Pass', 494, 2, 273), (604, '5 Gateway Hill', 140, 3, 542), (605, '7035 Pepper Wood Drive', 1058, 2, 896), (606, '2393 Lotheville Terrace', 1040, 6, 704), (607, '1492 Fordem Terrace', 254, 4, 498), (608, '6 Onsgard Terrace', 593, 2, 882), (609, '8 Forest Dale Plaza', 916, 6, 595), (610, '4 Brown Plaza', 488, 6, 1091), (611, '954 Barby Center', 961, 4, 689), (612, '747 Upham Trail', 518, 6, 672), (613, '23782 Darwin Street', 199, 6, 230), (614, '05073 Artisan Lane', 348, 5, 72), (615, '44626 Hudson Parkway', 312, 6, 493), (616, '97 Jackson Drive', 179, 2, 424), (617, '2236 Sherman Way', 498, 2, 537), (618, '52517 Hintze Parkway', 954, 5, 901), (619, '0603 Memorial Lane', 176, 4, 794), (620, '116 Jana Trail', 197, 1, 31), (621, '837 Center Way', 583, 6, 190), (622, '442 Gerald Parkway', 310, 2, 436), (623, '81 Porter Terrace', 692, 3, 690), (624, '44488 Continental Road', 1186, 5, 710), (625, '8 Bluejay Alley', 75, 6, 134), (626, '5 Melody Avenue', 1042, 4, 39), (627, '60960 Monterey Hill', 157, 4, 1093), (628, '81 Mccormick Circle', 208, 5, 413), (629, '334 Ramsey Place', 921, 2, 1084), (630, '9351 Sachtjen Crossing', 1166, 2, 459), (631, '17770 Graceland Alley', 525, 1, 729), (632, '814 Drewry Street', 873, 2, 345), (633, '5 American Ash Park', 664, 4, 598), (634, '9117 Graceland Road', 466, 1, 488), (635, '99199 Commercial Plaza', 711, 2, 693), (636, '90 Rusk Way', 875, 4, 673), (637, '50 Hintze Place', 344, 1, 146), (638, '6735 Caliangt Hill', 448, 6, 268), (639, '54740 Pepper Wood Park', 804, 1, 111), (640, '91164 Montana Trail', 476, 2, 928), (641, '1 Becker Hill', 800, 3, 1068), (642, '5 1st Drive', 886, 3, 30), (643, '15074 Glacier Hill Junction', 887, 1, 601), (644, '56 Canary Parkway', 1031, 4, 895), (645, '6643 Michigan Crossing', 637, 6, 31), (646, '1782 Parkside Place', 135, 1, 533), (647, '91267 Hollow Ridge Drive', 278, 6, 455), (648, '587 Old Gate Court', 1200, 5, 344), (649, '58 Sundown Lane', 371, 4, 133), (650, '87 Park Meadow Lane', 700, 2, 800), (651, '1 Northview Plaza', 938, 4, 255), (652, '71194 Anzinger Terrace', 228, 3, 1077), (653, '5257 Barnett Lane', 953, 2, 451), (654, '204 Kingsford Lane', 136, 5, 1014), (655, '0 Eagan Drive', 122, 2, 383), (656, '281 Amoth Crossing', 894, 2, 371), (657, '3546 Cardinal Terrace', 387, 2, 830), (658, '568 Cottonwood Avenue', 1091, 2, 488), (659, '3 Bartillon Circle', 145, 4, 344), (660, '8 Fulton Crossing', 193, 6, 621), (661, '314 Reindahl Terrace', 607, 1, 999), (662, '76 Pennsylvania Circle', 130, 5, 845), (663, '4 Bellgrove Plaza', 952, 1, 126), (664, '2842 Bartelt Alley', 222, 2, 1023), (665, '068 Cardinal Lane', 1037, 3, 700), (666, '920 Sundown Lane', 233, 5, 683), (667, '727 Atwood Alley', 701, 5, 123), (668, '0547 Susan Avenue', 190, 2, 656), (669, '95859 Farmco Terrace', 347, 4, 239), (670, '26081 Fuller Park', 939, 4, 940), (671, '8024 Monica Center', 363, 4, 684), (672, '2 Dayton Park', 946, 3, 160), (673, '764 Columbus Center', 179, 5, 668), (674, '81353 Clyde Gallagher Center', 950, 2, 996), (675, '5663 New Castle Court', 802, 1, 626), (676, '4828 Kipling Junction', 999, 2, 118), (677, '68718 Trailsway Avenue', 202, 1, 223), (678, '895 Hauk Circle', 397, 2, 429), (679, '76 Annamark Way', 782, 3, 426), (680, '9 Lotheville Court', 1083, 5, 686), (681, '52997 Hallows Park', 497, 1, 322), (682, '76 Riverside Lane', 130, 6, 524), (683, '4 Bowman Circle', 305, 1, 214), (684, '917 Esch Center', 894, 3, 695), (685, '59 Mifflin Center', 312, 1, 1010), (686, '75082 Michigan Plaza', 182, 2, 281), (687, '0543 Sloan Crossing', 663, 1, 144), (688, '150 Sunfield Avenue', 1000, 5, 176), (689, '72353 Namekagon Center', 768, 6, 814), (690, '019 Acker Lane', 212, 2, 946), (691, '6 Novick Way', 699, 1, 398), (692, '46765 Del Sol Drive', 536, 4, 964), (693, '9 La Follette Road', 982, 4, 432), (694, '8 Manley Park', 156, 2, 351), (695, '87156 Lillian Crossing', 657, 4, 772), (696, '77 Surrey Lane', 704, 3, 368), (697, '021 Talmadge Center', 178, 6, 293), (698, '2450 Anthes Plaza', 710, 2, 352), (699, '0090 Hintze Avenue', 1180, 6, 800), (700, '473 Stoughton Trail', 134, 3, 57), (701, '77792 Grim Court', 210, 1, 1086), (702, '951 Marquette Terrace', 1006, 2, 1091), (703, '964 Stephen Alley', 1023, 4, 122), (704, '8890 Oriole Terrace', 220, 4, 266), (705, '1061 Forest Run Trail', 629, 2, 812), (706, '80614 Atwood Way', 826, 3, 164), (707, '07924 Wayridge Terrace', 1031, 4, 209), (708, '10 Sycamore Terrace', 731, 3, 1094), (709, '0 Heffernan Hill', 1076, 2, 240), (710, '628 Stone Corner Place', 972, 2, 195), (711, '11 Green Ridge Pass', 532, 4, 769), (712, '5191 Fremont Circle', 816, 3, 713), (713, '22509 Kipling Junction', 914, 2, 1076), (714, '77567 Alpine Pass', 592, 1, 585), (715, '0588 Grim Junction', 463, 5, 700), (716, '59089 Shelley Plaza', 788, 6, 194), (717, '948 Walton Drive', 947, 6, 699), (718, '0 Graedel Hill', 888, 4, 310), (719, '1 Bonner Center', 973, 2, 712), (720, '4625 West Junction', 662, 5, 700), (721, '98166 Longview Road', 148, 1, 992), (722, '0 Jay Terrace', 835, 6, 1014), (723, '44 Redwing Street', 131, 4, 677), (724, '9 Stoughton Trail', 410, 4, 463), (725, '936 Crest Line Street', 982, 2, 191), (726, '14 Fallview Terrace', 296, 4, 935), (727, '03 Parkside Center', 309, 6, 1050), (728, '5292 Leroy Parkway', 98, 6, 1027), (729, '44 Lotheville Crossing', 536, 2, 1091), (730, '63984 Orin Place', 1034, 2, 774), (731, '6049 Shopko Court', 942, 2, 1069), (732, '4197 Oak Court', 461, 3, 1070), (733, '7 Parkside Plaza', 745, 3, 179), (734, '81805 Comanche Terrace', 465, 1, 603), (735, '2373 Mandrake Trail', 839, 4, 880), (736, '230 Village Parkway', 609, 1, 257), (737, '05673 Hintze Lane', 691, 4, 771), (738, '718 Warbler Pass', 880, 2, 1096), (739, '813 Holy Cross Crossing', 885, 3, 104), (740, '962 Del Mar Plaza', 294, 2, 726), (741, '4 Burrows Circle', 876, 3, 247), (742, '594 Hayes Road', 850, 5, 279), (743, '4903 Fulton Court', 161, 5, 68), (744, '88726 Vernon Alley', 184, 1, 1044), (745, '01976 Claremont Hill', 341, 5, 1051), (746, '165 Linden Plaza', 734, 1, 949), (747, '8121 Darwin Hill', 1196, 1, 691), (748, '07705 Pierstorff Park', 673, 2, 162), (749, '1 Grover Park', 796, 4, 510), (750, '81 Gulseth Way', 397, 4, 231), (751, '8706 Thierer Center', 904, 4, 252), (752, '7972 Oak Valley Avenue', 486, 1, 228), (753, '1 Armistice Center', 341, 1, 760), (754, '2960 Burrows Court', 359, 3, 1017), (755, '0543 American Ash Lane', 394, 5, 961), (756, '54127 Garrison Crossing', 862, 1, 736), (757, '04 Roxbury Road', 253, 4, 705), (758, '37 Montana Drive', 341, 1, 32), (759, '2896 Artisan Court', 1196, 2, 254), (760, '13653 Dovetail Hill', 745, 6, 244), (761, '3 Annamark Plaza', 405, 5, 1000), (762, '1638 Melrose Avenue', 1039, 1, 314), (763, '401 Old Gate Road', 260, 3, 728), (764, '2 Muir Center', 919, 2, 527), (765, '0651 Troy Crossing', 722, 6, 357), (766, '19 Northwestern Place', 656, 5, 437), (767, '48103 Corscot Lane', 98, 5, 96), (768, '2665 Shoshone Hill', 731, 1, 606), (769, '981 Norway Maple Junction', 1004, 6, 774), (770, '71911 Nevada Junction', 261, 4, 325), (771, '0 Riverside Trail', 1076, 3, 223), (772, '1 La Follette Center', 309, 5, 806), (773, '559 Nova Road', 142, 6, 19), (774, '4 Oxford Circle', 1106, 4, 482), (775, '97676 Service Drive', 1030, 2, 253), (776, '271 Briar Crest Point', 892, 5, 590), (777, '17408 Autumn Leaf Parkway', 726, 4, 939), (778, '3625 Chive Pass', 480, 3, 647), (779, '3 Dottie Hill', 1076, 2, 922), (780, '50384 Garrison Terrace', 356, 2, 503), (781, '79378 Sommers Place', 1190, 5, 691), (782, '4 Troy Road', 642, 1, 318), (783, '53 Meadow Valley Court', 579, 1, 211), (784, '2729 Becker Road', 786, 1, 436), (785, '97 Tony Junction', 1114, 6, 355), (786, '0387 Portage Drive', 635, 6, 16), (787, '436 Red Cloud Drive', 89, 3, 777), (788, '1705 Bay Hill', 849, 6, 867), (789, '94 Arapahoe Alley', 166, 2, 521), (790, '22574 Dawn Court', 1197, 5, 745), (791, '44032 Monica Plaza', 680, 3, 759), (792, '3 Homewood Hill', 1161, 6, 34), (793, '70563 Chinook Hill', 542, 5, 196), (794, '11225 Ohio Place', 506, 3, 1084), (795, '61970 Steensland Center', 1085, 5, 369), (796, '438 Autumn Leaf Junction', 439, 3, 622), (797, '437 Eastlawn Crossing', 264, 4, 380), (798, '20 Heffernan Court', 189, 6, 659), (799, '3 Becker Drive', 912, 1, 437), (800, '7 Summerview Center', 458, 4, 983), (801, '5638 Green Trail', 797, 5, 613), (802, '811 Donald Plaza', 1037, 6, 283), (803, '59520 Union Plaza', 1119, 2, 45), (804, '73 Jenna Junction', 369, 4, 1068), (805, '960 Holy Cross Road', 150, 5, 1071), (806, '4787 Jenifer Lane', 618, 4, 17), (807, '9 Magdeline Plaza', 949, 2, 711), (808, '17 Arrowood Circle', 382, 5, 805), (809, '01 Straubel Trail', 874, 5, 592), (810, '0 Golf Street', 1047, 2, 487), (811, '90 Mallory Trail', 977, 5, 362), (812, '42 Granby Avenue', 1159, 6, 226), (813, '301 Straubel Plaza', 305, 5, 499), (814, '99 Vera Road', 222, 5, 954), (815, '9 Heffernan Hill', 285, 1, 1018), (816, '8 Badeau Crossing', 237, 5, 597), (817, '847 Delaware Drive', 747, 5, 650), (818, '2971 Muir Road', 276, 2, 75), (819, '14 Delaware Pass', 396, 1, 237), (820, '41312 Hintze Drive', 73, 2, 389), (821, '8 Mockingbird Park', 1090, 5, 353), (822, '68426 Thierer Road', 475, 2, 455), (823, '6 Alpine Avenue', 948, 1, 1078), (824, '28599 John Wall Alley', 1122, 2, 391), (825, '1 Sachs Hill', 326, 2, 30), (826, '3519 Stone Corner Junction', 797, 2, 926), (827, '041 Gale Court', 855, 5, 368), (828, '51 Reinke Court', 1071, 3, 343), (829, '7 Hovde Road', 670, 6, 228), (830, '944 Welch Road', 1126, 2, 273), (831, '6 Lillian Point', 341, 2, 561), (832, '96 Esker Crossing', 747, 6, 143), (833, '1 Marcy Street', 361, 4, 700), (834, '10 Farragut Junction', 368, 3, 10), (835, '61 Twin Pines Lane', 784, 2, 481), (836, '1 Gateway Plaza', 870, 5, 34), (837, '5 Rockefeller Place', 1019, 6, 194), (838, '465 Gina Junction', 855, 2, 616), (839, '279 Arrowood Junction', 1099, 1, 22), (840, '849 Linden Street', 536, 1, 280), (841, '73 Havey Lane', 285, 2, 625), (842, '4225 Blaine Plaza', 779, 6, 83), (843, '56 7th Parkway', 1055, 6, 1078), (844, '05 Arapahoe Center', 1156, 2, 345), (845, '87 Westridge Crossing', 1079, 2, 1068), (846, '427 Merry Lane', 415, 4, 174), (847, '4267 Tennessee Road', 871, 2, 269), (848, '538 Sheridan Hill', 252, 5, 47), (849, '73603 Pankratz Hill', 682, 3, 51), (850, '166 Bluejay Junction', 136, 6, 412), (851, '4407 Chive Point', 303, 5, 441), (852, '30092 Amoth Alley', 549, 1, 457), (853, '987 Union Hill', 705, 3, 846), (854, '180 Washington Hill', 911, 6, 16), (855, '8 Lien Junction', 703, 5, 427), (856, '85 Valley Edge Drive', 977, 6, 810), (857, '991 Redwing Trail', 601, 3, 405), (858, '46 Melby Crossing', 406, 5, 307), (859, '7996 Cherokee Way', 110, 2, 1052), (860, '3154 Thackeray Plaza', 808, 6, 953), (861, '3 David Pass', 502, 5, 947), (862, '55 Express Crossing', 165, 3, 238), (863, '80926 Kennedy Center', 1029, 2, 335), (864, '893 Arkansas Place', 590, 2, 935), (865, '6424 Hovde Street', 387, 1, 482), (866, '6206 Dovetail Street', 1170, 1, 38), (867, '6 Fallview Avenue', 667, 5, 945), (868, '890 Fremont Road', 1181, 5, 390), (869, '9 Pond Way', 832, 5, 1036), (870, '0 Novick Trail', 274, 2, 1053), (871, '99354 Stephen Way', 1052, 5, 62), (872, '57 Anthes Road', 922, 6, 898), (873, '65602 Dayton Hill', 480, 6, 792), (874, '5 Barby Street', 74, 2, 1010), (875, '9 Mandrake Street', 125, 3, 264), (876, '33 Forest Dale Point', 692, 6, 770), (877, '921 Larry Road', 1081, 4, 606), (878, '384 Maple Park', 441, 4, 341), (879, '7 Cherokee Terrace', 716, 2, 237), (880, '44419 Mitchell Court', 314, 4, 353), (881, '3162 Scofield Avenue', 1079, 4, 309), (882, '43 Oakridge Plaza', 853, 5, 1031), (883, '778 Melrose Parkway', 945, 5, 574), (884, '0 Cherokee Trail', 439, 2, 1006), (885, '69889 Independence Circle', 755, 3, 506), (886, '493 Washington Center', 441, 4, 251), (887, '814 Lillian Terrace', 1140, 5, 986), (888, '82514 Ohio Trail', 925, 4, 721), (889, '48816 Southridge Lane', 489, 5, 163), (890, '27016 Arkansas Lane', 641, 6, 712), (891, '46092 Talisman Way', 1022, 6, 1077), (892, '8671 Oneill Lane', 890, 3, 449), (893, '368 Forest Run Trail', 280, 4, 775), (894, '2 Harper Lane', 687, 6, 378), (895, '42 Mcbride Street', 274, 4, 564), (896, '6986 Clemons Place', 478, 3, 370), (897, '27263 Erie Court', 301, 3, 963), (898, '8 Debra Center', 111, 1, 892), (899, '22 Banding Street', 251, 4, 183), (900, '7680 Di Loreto Park', 828, 3, 382), (901, '677 Mitchell Crossing', 1142, 4, 342), (902, '8133 Oneill Junction', 1131, 6, 237), (903, '304 3rd Junction', 1062, 4, 678), (904, '840 Oneill Alley', 891, 1, 170), (905, '057 Quincy Center', 860, 2, 626), (906, '166 Hintze Parkway', 508, 2, 899), (907, '241 Dennis Trail', 601, 5, 273), (908, '17 Prairie Rose Crossing', 953, 3, 35), (909, '854 Westridge Crossing', 742, 5, 710), (910, '9 Sugar Avenue', 824, 1, 561), (911, '573 Manitowish Trail', 163, 5, 1027), (912, '49676 Pennsylvania Avenue', 715, 1, 63), (913, '54 Crest Line Court', 337, 5, 491), (914, '828 Pearson Park', 466, 2, 424), (915, '454 Namekagon Way', 919, 1, 227), (916, '6348 Northfield Trail', 464, 2, 472), (917, '21408 Westend Plaza', 442, 2, 288), (918, '6 Monument Point', 1155, 4, 718), (919, '1207 Ridgeview Circle', 1055, 3, 215), (920, '4460 Bayside Center', 710, 4, 902), (921, '8996 Hayes Court', 711, 1, 971), (922, '058 Holmberg Point', 535, 6, 95), (923, '2326 Maywood Lane', 331, 2, 767), (924, '03523 Sloan Terrace', 1160, 4, 123), (925, '925 Jana Parkway', 555, 2, 478), (926, '36330 Gulseth Road', 928, 5, 404), (927, '5991 Crescent Oaks Point', 710, 6, 161), (928, '7454 Katie Road', 357, 4, 886), (929, '51 Bayside Trail', 1155, 4, 268), (930, '674 Hallows Alley', 163, 1, 687), (931, '7920 Algoma Terrace', 850, 6, 872), (932, '43819 Iowa Parkway', 434, 2, 575), (933, '278 Raven Circle', 217, 5, 473), (934, '2747 Nelson Alley', 1018, 6, 1014), (935, '45 Graceland Park', 966, 6, 1034), (936, '777 Heath Park', 156, 1, 604), (937, '4683 Myrtle Crossing', 412, 2, 292), (938, '22078 Sugar Court', 445, 1, 245), (939, '61 Debs Avenue', 851, 1, 181), (940, '46 Corben Park', 71, 6, 504), (941, '7 Clarendon Parkway', 805, 6, 619), (942, '7433 Village Green Junction', 576, 2, 336), (943, '6 Autumn Leaf Pass', 894, 4, 421), (944, '82973 Crest Line Circle', 991, 6, 828), (945, '60 Luster Parkway', 675, 1, 427), (946, '1 Eastlawn Trail', 355, 5, 183), (947, '57225 Blaine Junction', 966, 6, 556), (948, '88987 Springview Drive', 1077, 6, 532), (949, '20 Talmadge Hill', 449, 6, 489), (950, '92 Gale Terrace', 738, 3, 872), (951, '29 Kim Court', 972, 6, 797), (952, '6411 Meadow Ridge Avenue', 841, 2, 783), (953, '01901 Tennessee Road', 233, 5, 840), (954, '70650 Sloan Junction', 655, 1, 563), (955, '1807 Elmside Terrace', 461, 5, 582), (956, '62 Susan Lane', 327, 5, 193), (957, '890 Kinsman Avenue', 188, 2, 887), (958, '6726 Novick Place', 493, 6, 231), (959, '3 Mayer Park', 1176, 5, 86), (960, '28248 Gale Way', 727, 4, 916), (961, '2259 Fair Oaks Avenue', 478, 1, 312), (962, '3689 Holy Cross Drive', 1039, 6, 813), (963, '574 Bellgrove Court', 1195, 4, 140), (964, '5430 La Follette Plaza', 465, 3, 685), (965, '79125 Hoepker Pass', 559, 4, 554), (966, '20413 Vahlen Center', 641, 3, 985), (967, '9320 Linden Parkway', 1085, 6, 302), (968, '211 Hauk Alley', 919, 1, 557), (969, '131 Emmet Point', 164, 5, 65), (970, '0 Roxbury Alley', 844, 6, 934), (971, '01 Upham Circle', 744, 4, 529), (972, '69183 Nova Center', 483, 6, 431), (973, '36807 Arizona Place', 401, 1, 203), (974, '39866 Corben Park', 660, 4, 290), (975, '27 Forest Dale Point', 183, 1, 1028), (976, '5931 Esker Crossing', 555, 3, 345), (977, '716 Harper Avenue', 1083, 6, 764), (978, '993 Jenifer Trail', 1128, 5, 607), (979, '732 Arizona Plaza', 944, 1, 661), (980, '5850 Lake View Hill', 950, 2, 866), (981, '67 Stone Corner Avenue', 625, 3, 936), (982, '5739 Bunker Hill Junction', 699, 3, 516), (983, '5 Merrick Center', 491, 2, 531), (984, '733 Magdeline Avenue', 960, 2, 650), (985, '7 Straubel Center', 334, 5, 147), (986, '2176 La Follette Way', 281, 2, 196), (987, '20 Burrows Avenue', 394, 3, 921), (988, '51 Burning Wood Road', 990, 3, 70), (989, '185 Becker Road', 428, 5, 735), (990, '0 Porter Place', 1009, 3, 944), (991, '720 Lukken Junction', 988, 1, 182), (992, '0039 Havey Drive', 99, 5, 333), (993, '633 Riverside Junction', 552, 3, 231), (994, '193 Swallow Drive', 685, 3, 592), (995, '2 Union Road', 192, 3, 964), (996, '68430 Kinsman Terrace', 222, 5, 85), (997, '08672 Acker Avenue', 263, 5, 489), (998, '28 Luster Avenue', 825, 2, 1059), (999, '92 Maywood Crossing', 75, 2, 593), (1000, '98775 Riverside Alley', 697, 3, 1061);


-- vivienda 2 parte:


INSERT INTO vivienda VALUES (1001, '0 Di Loreto Crossing', 733, 2, 551), (1002, '05998 Cardinal Alley', 1149, 6, 513), (1003, '3 Chinook Road', 674, 3, 345), (1004, '90258 Melby Street', 665, 3, 799), (1005, '471 Dixon Pass', 325, 5, 272), (1006, '13989 Rutledge Street', 250, 5, 842), (1007, '529 3rd Drive', 344, 1, 77), (1008, '4469 Dottie Point', 1079, 6, 9), (1009, '5698 Darwin Place', 1063, 1, 214), (1010, '54 Hooker Trail', 158, 1, 74), (1011, '1 Canary Crossing', 418, 4, 42), (1012, '3 Merry Trail', 868, 1, 1098), (1013, '76838 Hermina Hill', 1106, 6, 675), (1014, '9 Continental Lane', 173, 1, 583), (1015, '79222 Cherokee Point', 175, 4, 652), (1016, '3 Northport Avenue', 404, 4, 908), (1017, '4615 Basil Junction', 776, 4, 1040), (1018, '7784 Oakridge Park', 143, 1, 796), (1019, '18 Orin Street', 938, 5, 787), (1020, '9757 Talmadge Pass', 981, 6, 1010), (1021, '874 Summit Pass', 941, 1, 1085), (1022, '450 Northridge Avenue', 707, 6, 713), (1023, '8032 Bobwhite Drive', 637, 4, 305), (1024, '7140 Hagan Crossing', 270, 6, 52), (1025, '800 Marcy Road', 1192, 3, 1004), (1026, '209 Charing Cross Road', 553, 5, 243), (1027, '8215 Larry Pass', 348, 3, 209), (1028, '7 Doe Crossing Park', 701, 5, 834), (1029, '965 Ilene Crossing', 969, 1, 448), (1030, '76764 Daystar Junction', 115, 2, 897), (1031, '2352 Pine View Way', 78, 4, 52), (1032, '05121 Bartillon Way', 1170, 1, 931), (1033, '75352 Waywood Court', 1039, 3, 119), (1034, '3 Susan Parkway', 395, 5, 937), (1035, '302 Nobel Hill', 688, 4, 1056), (1036, '4 Bartelt Plaza', 321, 4, 426), (1037, '20215 Main Street', 1001, 3, 366), (1038, '43419 Crownhardt Point', 673, 3, 113), (1039, '4 Magdeline Terrace', 747, 5, 756), (1040, '78 Pankratz Center', 477, 6, 128), (1041, '85384 Autumn Leaf Junction', 407, 6, 516), (1042, '6 Norway Maple Drive', 488, 4, 244), (1043, '2 Delladonna Center', 1200, 1, 602), (1044, '22 Green Ridge Junction', 920, 5, 290), (1045, '612 Dayton Drive', 885, 2, 121), (1046, '742 Talisman Plaza', 694, 3, 70), (1047, '6175 Onsgard Street', 774, 4, 215), (1048, '80263 Corscot Lane', 289, 2, 301), (1049, '05 Onsgard Terrace', 840, 3, 525), (1050, '1744 Bultman Junction', 123, 5, 528), (1051, '3622 Barnett Alley', 1147, 5, 4), (1052, '23 Mayer Parkway', 710, 4, 831), (1053, '10387 Melvin Street', 577, 2, 664), (1054, '47919 Quincy Place', 386, 1, 608), (1055, '2290 Claremont Pass', 641, 4, 460), (1056, '736 Ramsey Alley', 833, 3, 309), (1057, '8068 Blaine Lane', 565, 2, 329), (1058, '1490 Mockingbird Terrace', 361, 3, 787), (1059, '75884 Clove Center', 334, 6, 754), (1060, '26107 Haas Parkway', 1194, 6, 182), (1061, '287 Clove Road', 877, 2, 527), (1062, '730 Buhler Hill', 540, 6, 685), (1063, '208 Hoepker Crossing', 1102, 5, 549), (1064, '99 Waubesa Crossing', 715, 3, 423), (1065, '8622 Little Fleur Road', 528, 4, 1000), (1066, '9080 Springs Crossing', 720, 4, 864), (1067, '97 Steensland Park', 350, 6, 616), (1068, '09 Jay Pass', 259, 6, 501), (1069, '03664 Tomscot Center', 124, 1, 1022), (1070, '427 Mallory Pass', 1065, 1, 600), (1071, '744 Eagan Parkway', 392, 1, 120), (1072, '6 Center Terrace', 718, 5, 1094), (1073, '22753 Badeau Place', 465, 6, 466), (1074, '56 Cambridge Plaza', 397, 5, 549), (1075, '503 Brown Alley', 725, 4, 627), (1076, '6447 Marquette Trail', 481, 3, 447), (1077, '26 West Way', 91, 2, 1052), (1078, '4 Texas Road', 191, 1, 985), (1079, '2 Kipling Terrace', 1012, 4, 473), (1080, '3285 Schurz Park', 870, 4, 868), (1081, '29382 Butterfield Park', 305, 4, 197), (1082, '6 Atwood Lane', 241, 3, 518), (1083, '6 Waubesa Plaza', 442, 3, 1001), (1084, '3 Mcguire Drive', 352, 2, 751), (1085, '084 Anniversary Way', 1170, 5, 628), (1086, '73784 Bultman Parkway', 1064, 5, 637), (1087, '7549 Lien Hill', 816, 5, 341), (1088, '1 Mayer Way', 1083, 5, 1088), (1089, '9360 Anniversary Lane', 620, 6, 686), (1090, '1 Merry Hill', 177, 2, 439), (1091, '8738 Fordem Center', 250, 2, 397), (1092, '8100 Iowa Way', 189, 6, 152), (1093, '31 Brown Road', 76, 4, 975), (1094, '4 Elka Road', 739, 2, 508), (1095, '4060 Annamark Place', 485, 2, 1084), (1096, '0 Mcbride Street', 1038, 2, 251), (1097, '796 Caliangt Road', 948, 3, 1088), (1098, '49677 Luster Trail', 272, 4, 673), (1099, '8744 Green Point', 152, 5, 156), (1100, '45 Bluestem Park', 915, 2, 262);



-- persona_has_vivienda:

INSERT INTO persona_has_vivienda VALUES (754, 1041), (268, 476), (469, 879), (777, 503), (103, 1000), (358, 745), (729, 649), (547, 676), (890, 991), (183, 711), (461, 793), (51, 418), (788, 1053), (952, 749), (82, 935), (331, 701), (520, 66), (455, 52), (857, 269), (251, 685), (385, 392), (457, 101), (771, 737), (333, 419), (198, 121), (849, 1024), (508, 463), (704, 695), (749, 807), (165, 58), (818, 806), (793, 167), (555, 1075), (155, 799), (854, 248), (124, 277), (823, 320), (886, 999), (356, 813), (370, 912), (481, 766), (803, 436), (257, 1000), (484, 77), (737, 1014), (953, 66), (616, 383), (550, 784), (487, 121), (940, 750), (827, 681), (23, 683), (397, 212), (109, 177), (194, 940), (192, 125), (876, 203), (404, 1096), (254, 1026), (136, 841), (298, 414), (759, 628), (803, 33), (912, 390), (743, 484), (822, 286), (657, 509), (194, 961), (576, 82), (270, 414), (971, 718), (75, 19), (158, 263), (142, 734), (965, 827), (419, 486), (816, 538), (940, 145), (265, 40), (902, 486), (737, 532), (997, 193), (54, 162), (687, 628), (926, 850), (87, 1097), (117, 193), (879, 287), (527, 613), (12, 819), (356, 847), (779, 656), (21, 774), (572, 189), (899, 386), (369, 274), (217, 1067), (509, 128), (327, 240), (692, 200), (168, 917), (672, 1073), (167, 209), (371, 157), (324, 864), (379, 923), (702, 763), (909, 807), (394, 831), (315, 1011), (98, 459), (339, 182), (203, 754), (180, 310), (312, 848), (353, 62), (278, 833), (708, 1053), (935, 755), (466, 903), (273, 786), (192, 862), (914, 818), (958, 655), (862, 176), (569, 202), (937, 1071), (521, 1038), (690, 315), (320, 320), (170, 622), (503, 61), (77, 34), (856, 1018), (781, 896), (676, 196), (259, 64), (649, 751), (256, 55), (615, 753), (256, 104), (267, 38), (575, 401), (253, 16), (825, 739), (724, 65), (833, 631), (591, 639), (338, 768), (388, 1050), (202, 134), (750, 126), (103, 672), (828, 877), (976, 582), (868, 20), (17, 463), (756, 244), (804, 763), (120, 227), (619, 458), (121, 59), (93, 400), (266, 770), (274, 266), (195, 172), (404, 67), (248, 578), (15, 171), (770, 87), (156, 198), (341, 1091), (676, 557), (124, 136), (504, 324), (536, 12), (327, 563), (431, 36), (532, 552), (731, 958), (453, 360), (57, 746), (837, 419), (258, 706), (299, 423), (835, 304), (265, 334), (292, 544), (918, 789), (414, 324), (341, 750), (948, 327), (539, 226), (333, 902), (257, 285), (231, 50), (222, 758), (538, 180), (79, 860), (359, 810), (847, 344), (495, 1093), (204, 180), (445, 678), (695, 40), (222, 116), (454, 214), (419, 167), (661, 608), (596, 1026), (964, 938), (698, 400), (12, 330), (965, 917), (688, 444), (316, 838), (73, 1087), (484, 26), (578, 848), (746, 967), (993, 425), (406, 159), (465, 111), (618, 1004), (807, 717), (900, 918), (695, 329), (588, 821), (820, 674), (769, 185), (562, 184), (800, 346), (782, 658), (716, 922), (312, 434), (138, 399), (904, 725), (390, 60), (232, 972), (673, 460), (203, 451), (242, 629), (973, 437), (314, 226), (943, 555), (369, 428), (666, 164), (571, 343), (862, 822), (192, 683), (548, 969), (738, 469), (659, 214), (384, 924), (665, 5), (16, 401), (450, 67), (387, 841), (9, 364), (274, 750), (588, 581), (710, 1044), (798, 731), (683, 624), (793, 827), (903, 472), (94, 418), (708, 1007), (875, 902), (415, 686), (691, 630), (275, 810), (782, 632), (657, 609), (467, 836), (577, 25), (348, 6), (9, 861), (785, 1098), (564, 1078), (699, 670), (403, 916), (732, 991), (141, 861), (185, 483), (931, 789), (998, 827), (808, 466), (649, 441), (409, 251), (65, 115), (679, 75), (243, 695), (9, 315), (786, 450), (592, 970), (516, 783), (721, 367), (502, 118), (342, 965), (966, 667), (374, 122), (602, 379), (144, 759), (968, 872), (590, 727), (69, 177), (144, 812), (345, 956), (95, 418), (374, 345), (34, 551), (437, 968), (473, 2), (53, 689), (823, 379), (393, 241), (900, 325), (800, 762), (229, 458), (514, 805), (452, 568), (849, 581), (635, 595), (282, 825), (787, 311), (144, 548), (955, 232), (987, 75), (743, 210), (358, 367), (713, 272), (6, 645), (859, 97), (324, 656), (263, 390), (727, 781), (28, 802), (640, 941), (452, 140), (143, 488), (45, 132), (548, 376), (702, 364), (613, 669), (226, 815), (979, 1032), (86, 483), (82, 349), (133, 816), (988, 671), (631, 317), (546, 619), (919, 1031), (294, 592), (798, 765), (569, 1025), (744, 130), (787, 470), (899, 822), (789, 173), (120, 761), (577, 479), (744, 873), (971, 911), (606, 780), (899, 283), (176, 630), (860, 388), (476, 326), (375, 524), (296, 801), (783, 1067), (679, 463), (601, 1030), (831, 24), (446, 972), (816, 758), (644, 1078), (546, 896), (78, 706), (285, 532), (81, 566), (506, 371), (540, 1079), (207, 424), (748, 51), (453, 372), (540, 192), (448, 866), (949, 522), (752, 1041), (973, 419), (34, 67), (240, 970), (675, 965), (345, 748), (922, 694), (84, 405), (568, 974), (624, 323), (375, 899), (606, 1086), (435, 1063), (601, 979), (239, 643), (19, 1083), (760, 365), (670, 32), (569, 938), (807, 666), (895, 150), (280, 675), (16, 418), (643, 372), (33, 600), (475, 459), (783, 647), (386, 17), (783, 236), (556, 113), (303, 1021), (880, 606), (923, 701), (154, 202), (348, 613), (534, 123), (367, 1063), (800, 354), (565, 585), (792, 471), (785, 671), (498, 918), (148, 89), (795, 294), (63, 1100), (268, 970), (940, 146), (228, 1038), (680, 617), (115, 717), (768, 70), (945, 1081), (955, 416), (637, 736), (647, 304), (115, 558), (471, 357), (906, 521), (144, 393), (315, 815), (989, 7), (793, 325), (863, 456), (411, 826), (967, 1084), (794, 843), (28, 763), (985, 1061), (932, 390), (525, 922), (16, 747), (851, 70), (74, 700), (819, 459), (954, 601), (688, 774), (717, 898), (183, 411), (751, 757), (4, 901), (145, 277), (338, 430), (151, 296), (235, 891), (883, 151), (99, 422), (557, 297), (714, 550), (310, 205), (47, 326), (920, 635), (75, 1051), (120, 1050), (428, 790), (922, 1036), (195, 209), (396, 504), (307, 729), (286, 207), (983, 304), (262, 850), (973, 1073), (828, 783), (945, 328), (159, 690), (279, 792), (426, 627), (58, 57), (61, 135), (928, 995), (978, 965), (771, 208), (26, 104), (758, 1082), (706, 3), (249, 993), (528, 385), (296, 359), (863, 410), (121, 108), (869, 585), (137, 566), (914, 472), (711, 74), (315, 663), (193, 514), (943, 506), (546, 433), (905, 102), (445, 813), (649, 536), (243, 909), (69, 95), (327, 477), (700, 790), (382, 416), (49, 312), (645, 892), (58, 887), (159, 534), (4, 910), (57, 853), (372, 33), (66, 854), (338, 616), (805, 144), (463, 872), (379, 304), (172, 329), (495, 106), (299, 189), (491, 226), (402, 396), (817, 152), (47, 413), (188, 978), (696, 457), (491, 21), (197, 189), (587, 236), (5, 112), (204, 289), (870, 181), (682, 113), (379, 721), (479, 713), (300, 787), (1, 459), (167, 86), (278, 42), (36, 9), (556, 703), (169, 506), (344, 110), (698, 713), (105, 12), (708, 824), (837, 635), (735, 927), (307, 788), (441, 905), (367, 634), (687, 834), (343, 252), (168, 213), (771, 369), (681, 563), (253, 899), (265, 62), (734, 1027), (894, 78), (835, 412), (951, 1041), (212, 559), (115, 538), (246, 669), (780, 254), (133, 592), (288, 582), (306, 765), (12, 893), (341, 595), (135, 444), (953, 397), (838, 358), (486, 946), (171, 1081), (610, 113), (918, 700), (719, 572), (152, 408), (508, 976), (697, 470), (22, 1047), (776, 503), (431, 63), (750, 146), (90, 1027), (888, 846), (505, 828), (835, 962), (174, 173), (835, 953), (324, 132), (522, 392), (622, 907), (30, 175), (112, 168), (347, 197), (689, 920), (362, 494), (100, 639), (94, 912), (647, 133), (342, 863), (74, 825), (35, 254), (78, 162), (246, 881), (119, 983), (654, 209), (190, 679), (60, 9), (779, 773), (250, 205), (128, 588), (64, 733), (194, 671), (828, 717), (435, 955), (769, 1042), (465, 82), (517, 694), (847, 1042), (38, 472), (79, 348), (899, 192), (735, 520), (794, 778), (977, 566), (221, 828), (911, 360), (861, 749), (550, 121), (823, 183), (787, 119), (563, 283), (852, 116), (266, 988), (946, 885), (78, 359), (34, 716), (264, 468), (484, 803), (566, 309), (856, 388), (401, 557), (420, 480), (395, 763), (147, 1034), (134, 986), (531, 321), (647, 891), (94, 861), (679, 877), (671, 705), (807, 875), (82, 1053), (8, 513), (117, 685), (745, 476), (447, 160), (700, 680), (667, 222), (991, 385), (892, 413), (871, 782), (245, 1068), (755, 459), (482, 103), (546, 453), (192, 298), (292, 97), (827, 893), (475, 630), (347, 170), (65, 991), (719, 421), (544, 1056), (831, 149), (262, 226), (501, 745), (257, 351), (393, 248), (900, 884), (795, 138), (110, 315), (145, 766), (779, 252), (503, 1017), (195, 445), (664, 822), (15, 784), (32, 140), (465, 284), (925, 724), (350, 1076), (140, 253), (961, 842), (158, 1031), (560, 97), (864, 144), (20, 827), (901, 252), (774, 238), (328, 1049), (806, 310), (805, 127), (29, 159), (787, 1), (59, 86), (898, 234), (185, 337), (570, 27), (822, 670), (399, 143), (639, 241), (180, 627), (628, 357), (291, 455), (815, 24), (535, 952), (527, 645), (931, 645), (211, 842), (796, 741), (472, 105), (716, 418), (988, 245), (449, 417), (775, 1075), (985, 540), (282, 633), (302, 674), (644, 172), (944, 837), (500, 743), (551, 688), (4, 567), (636, 325), (33, 323), (300, 105), (750, 405), (564, 277), (176, 165), (618, 561), (32, 289), (208, 157), (348, 760), (682, 902), (463, 265), (194, 561), (404, 372), (993, 323), (4, 312), (294, 823), (649, 59), (504, 744), (663, 917), (564, 577), (78, 689), (538, 488), (453, 1014), (212, 99), (873, 890), (985, 779), (380, 880), (661, 1016), (308, 724), (197, 610), (347, 406), (796, 912), (983, 390), (322, 73), (180, 11), (607, 948), (647, 393), (657, 424), (310, 564), (549, 399), (235, 339), (405, 32), (589, 333), (246, 54), (86, 887), (84, 359), (35, 309), (134, 110), (305, 610), (799, 938), (133, 303), (598, 978), (81, 1042), (964, 557), (327, 184), (340, 268), (369, 998), (995, 813), (492, 747), (612, 973), (622, 383), (381, 243), (933, 463), (229, 994), (92, 895), (92, 784), (146, 940), (742, 806), (626, 533), (656, 150), (503, 40), (217, 232), (477, 785), (638, 697), (607, 16), (520, 223), (351, 221), (459, 916), (712, 123), (930, 1065), (469, 1032), (20, 685), (406, 49), (338, 116), (408, 287), (664, 378), (272, 168), (298, 102), (58, 444), (909, 312), (727, 785), (956, 426), (894, 263), (507, 536), (481, 563), (120, 1015), (15, 341), (237, 826), (724, 505), (696, 1074), (812, 777), (551, 1034), (435, 536), (171, 778), (999, 1082), (97, 1083), (838, 395), (767, 1012), (292, 491), (177, 640), (137, 277), (623, 977), (644, 576), (192, 194), (685, 66), (889, 711), (698, 353), (71, 746), (726, 652), (463, 181), (367, 940), (216, 937), (739, 643), (696, 377), (25, 11), (354, 165), (602, 847), (836, 245), (920, 407), (771, 827), (980, 841), (690, 696), (204, 231), (990, 554), (572, 175), (62, 17), (807, 1069), (554, 333), (437, 958), (230, 884), (36, 283), (922, 1039), (587, 25), (429, 79), (846, 509), (763, 1032), (216, 858), (525, 369), (12, 208), (590, 990), (664, 979), (498, 28), (214, 755), (176, 744), (616, 210), (902, 253), (34, 556), (45, 934), (855, 647), (342, 648), (760, 528), (232, 73), (535, 76), (723, 904), (2, 578), (241, 204), (85, 661), (796, 490), (538, 251), (624, 439), (38, 101), (742, 214), (504, 43), (151, 999), (651, 1003), (745, 594), (76, 885), (713, 724), (433, 10), (473, 61), (822, 1035), (40, 990), (510, 254), (947, 74), (410, 870), (279, 278), (955, 57), (976, 602), (835, 637), (194, 408), (345, 695), (137, 204), (713, 308), (566, 104), (255, 802), (762, 483), (139, 967), (667, 1011), (203, 443), (205, 624), (395, 323), (28, 303), (591, 1005), (292, 764), (377, 884), (597, 949), (502, 894), (790, 200), (405, 608), (863, 349), (315, 1098), (329, 602), (290, 626), (983, 434), (529, 497), (157, 375), (937, 444), (932, 928), (999, 506), (408, 996), (163, 945), (34, 1008), (135, 873), (31, 8), (184, 918), (884, 614), (631, 974), (136, 796), (917, 540), (748, 290), (670, 999), (582, 542), (938, 53), (96, 1011), (163, 950), (494, 257), (337, 1021), (327, 879), (328, 720);


-- actualizar persona y municipio:

UPDATE persona
SET vivienda_id = FLOOR(1 + (RAND() * 1100)) where id > 0;


UPDATE municipio m
JOIN (
    SELECT id, ROW_NUMBER() OVER (ORDER BY nombre) AS row_num
    FROM persona
    LIMIT 1100
) p ON m.id = p.row_num
SET m.alcalde_id = p.id;